Location,Year,Indicator,Value,Unit
WS,2015,SE_GC_TCAQ,100.0,PERCENT
WS,2017,SE_GC_TCAQ,100.0,PERCENT
WS,2018,SE_GC_TCAQ,100.0,PERCENT
PG,2016,SE_PRE_PARTN,71.1,PERCENT
PG,2018,SE_PRE_PARTN,66.47,PERCENT
FJ,2018,SPC_4_6_1,99.74,PERCENT
FM,2012,SE_TOT_PRFL,44.0,PERCENT
FM,2015,SE_TOT_PRFL,30.0,PERCENT
FM,2018,SE_TOT_PRFL,53.0,PERCENT
NU,2019,SE_ACS_H2O,100.0,PERCENT
NU,2020,SE_ACS_H2O,100.0,PERCENT
NU,2021,SE_ACS_H2O,100.0,PERCENT
NU,2022,SE_ACS_H2O,100.0,PERCENT
NU,2023,SE_ACS_H2O,100.0,PERCENT
NR,2007,SE_GC_TCAQ,82.1,INDEX
NR,2016,SE_GC_TCAQ,100.0,INDEX
FJ,2012,SE_GC_TCAQ,100.0,INDEX
NR,2014,SE_TOT_PRFL,52.4,PERCENT
SB,2011,SE_GPI_TCAQ,96.0,INDEX
SB,2012,SE_GPI_TCAQ,97.0,INDEX
SB,2013,SE_GPI_TCAQ,99.0,INDEX
SB,2014,SE_GPI_TCAQ,97.0,INDEX
SB,2016,SE_GPI_TCAQ,97.0,INDEX
SB,2017,SE_GPI_TCAQ,96.0,INDEX
SB,2018,SE_GPI_TCAQ,95.0,INDEX
SB,2019,SE_GPI_TCAQ,98.0,INDEX
WS,2012,SE_TOT_PRFL,59.0,PERCENT
WS,2015,SE_TOT_PRFL,80.0,PERCENT
WS,2018,SE_TOT_PRFL,71.0,PERCENT
TV,2016,SE_GC_TCAQ,93.0,INDEX
TK,2015,SE_TOT_PRFL,76.0,PERCENT
TK,2018,SE_TOT_PRFL,82.0,PERCENT
FM,2018,SE_GC_TCAQ,36.58,PERCENT
FM,2019,SE_GC_TCAQ,34.49,PERCENT
FM,2020,SE_GC_TCAQ,32.1,PERCENT
FM,2021,SE_GC_TCAQ,34.3,PERCENT
MH,2016,SE_TOT_GPI,123.0,INDEX
CK,2018,SE_ACC_HNDWSH,100.0,PERCENT
CK,2019,SE_ACC_HNDWSH,100.0,PERCENT
CK,2020,SE_ACC_HNDWSH,100.0,PERCENT
CK,2021,SE_ACC_HNDWSH,100.0,PERCENT
CK,2022,SE_ACC_HNDWSH,100.0,PERCENT
CK,2023,SE_ACC_HNDWSH,100.0,PERCENT
VU,2018,SPC_4_6_1,96.28,PERCENT
NU,2020,SE_GC_TCAQ,25.0,PERCENT
NU,2021,SE_GC_TCAQ,100.0,PERCENT
KI,2014,SE_ACS_H2O,71.0,PERCENT
PG,2016,SE_ACS_SANIT,28.0,PERCENT
NU,2018,SE_TOT_GPI,130.0,INDEX
NU,2015,SE_TOT_PRFL,71.0,PERCENT
NU,2018,SE_TOT_PRFL,64.0,PERCENT
MH,2021,SE_GC_TCAQ,51.37,PERCENT
MH,2022,SE_GC_TCAQ,52.49,PERCENT
TV,2017,SE_GPI_TCAQ,113.0,INDEX
TV,2020,SE_GPI_TCAQ,88.0,INDEX
NU,2017,SE_TOT_GPI,120.0,INDEX
NR,2007,SE_GC_TCAQ,76.8,INDEX
TO,2020,SE_ACS_DISAB,0.76,PERCENT
TO,2022,SE_ACS_DISAB,0.77,PERCENT
SB,2012,SE_TOT_PRFL,67.0,PERCENT
SB,2015,SE_TOT_PRFL,66.0,PERCENT
SB,2018,SE_TOT_PRFL,70.0,PERCENT
SB,2021,SE_TOT_PRFL,70.0,PERCENT
TK,2020,SE_GPI_TCAQ,56.0,INDEX
VU,2015,SE_ACS_CMPTR,59.2,PERCENT
FM,2016,SE_GC_TCAQ,79.0,PERCENT
NR,2019,SE_ACS_ELECT,100.0,PERCENT
TO,2015,SE_TOT_PRFL,80.0,PERCENT
TO,2018,SE_TOT_PRFL,89.0,PERCENT
VU,2018,SE_GC_TCAQ,76.59,PERCENT
VU,2019,SE_GC_TCAQ,25.28,PERCENT
VU,2021,SE_GC_TCAQ,100.0,PERCENT
VU,2022,SE_GC_TCAQ,100.0,PERCENT
PF,2020,SE_ACS_ELECT,100.0,PERCENT
PG,2012,SE_GC_TCAQ,100.0,INDEX
NU,2019,SE_GC_TCAQ,0.0,PERCENT
NU,2020,SE_GC_TCAQ,0.0,PERCENT
NU,2021,SE_GC_TCAQ,0.0,PERCENT
MH,2015,SE_PRE_PARTN,39.6,PERCENT
MH,2016,SE_PRE_PARTN,63.5,PERCENT
MH,2019,SE_PRE_PARTN,68.8,PERCENT
MH,2020,SE_PRE_PARTN,60.48,PERCENT
MH,2021,SE_PRE_PARTN,83.86,PERCENT
MH,2022,SE_PRE_PARTN,90.77,PERCENT
TV,2015,SE_TOT_PRFL,43.0,PERCENT
TV,2018,SE_TOT_PRFL,69.0,PERCENT
PG,2018,SE_TOT_GPI,121.0,INDEX
SB,2015,SE_TOT_PRFL,93.0,PERCENT
SB,2018,SE_TOT_PRFL,96.0,PERCENT
CK,2011,SE_GC_TCAQ,100.0,PERCENT
MH,2016,SE_GPI_PTNPRE,98.0,INDEX
MH,2017,SE_GPI_PTNPRE,96.0,INDEX
MH,2018,SE_GPI_PTNPRE,96.0,INDEX
MH,2020,SE_GPI_PTNPRE,95.0,INDEX
TO,2014,SE_GC_TCAQ,65.0,INDEX
KI,2018,SE_TOT_PRFL,35.4,PERCENT
MH,2019,SE_ACS_H2O,68.1,PERCENT
MH,2021,SE_ACS_H2O,69.6,PERCENT
MH,2022,SE_ACS_H2O,69.9,PERCENT
NR,2018,SE_TOT_PRFL,60.0,PERCENT
FM,2015,SE_TOT_PRFL,86.0,PERCENT
FM,2018,SE_TOT_PRFL,92.0,PERCENT
CK,2015,SE_TOT_PRFL,78.0,PERCENT
CK,2018,SE_TOT_PRFL,84.0,PERCENT
VU,2015,SE_GC_TCAQ,63.0,INDEX
PW,2015,SE_TOT_PRFL,99.0,PERCENT
PW,2018,SE_TOT_PRFL,100.0,PERCENT
PF,2020,SE_ACS_SANIT,100.0,PERCENT
NU,2019,SE_ACC_HNDWSH,100.0,PERCENT
NU,2020,SE_ACC_HNDWSH,100.0,PERCENT
NU,2021,SE_ACC_HNDWSH,100.0,PERCENT
NU,2022,SE_ACC_HNDWSH,100.0,PERCENT
NU,2023,SE_ACC_HNDWSH,100.0,PERCENT
MH,2019,SE_ACS_SANIT,64.9,PERCENT
SB,2015,SE_ACS_CMPTR,0.0,PERCENT
SB,2018,SE_ACS_CMPTR,0.0,PERCENT
SB,2019,SE_ACS_CMPTR,13.2,PERCENT
KI,2013,SE_TOT_PRFL,30.0,PERCENT
NR,2019,SE_ACS_DISAB,100.0,PERCENT
NR,2022,SE_ACS_DISAB,100.0,PERCENT
NC,2013,SE_TOT_GPI,100.0,INDEX
NR,2014,SE_TOT_PRFL,27.5,PERCENT
FJ,2018,SPC_4_6_1,99.09,PERCENT
VU,2011,SE_TOT_PRFL,44.1,PERCENT
VU,2012,SE_TOT_PRFL,43.3,PERCENT
FM,2015,SE_TOT_PRFL,43.0,PERCENT
FM,2018,SE_TOT_PRFL,66.0,PERCENT
NU,2015,SE_GC_TCAQ,100.0,INDEX
WS,2020,SE_GPI_TCAQ,117.0,INDEX
KI,2012,SE_TOT_PRFL,66.0,PERCENT
KI,2015,SE_TOT_PRFL,93.0,PERCENT
KI,2018,SE_TOT_PRFL,92.0,PERCENT
TK,2016,SE_GC_TCAQ,70.0,PERCENT
TK,2019,SE_GC_TCAQ,30.8,PERCENT
TK,2020,SE_GC_TCAQ,30.77,PERCENT
TK,2021,SE_GC_TCAQ,30.77,PERCENT
SB,2010,SE_GC_TCAQ,70.5,PERCENT
SB,2015,SE_GC_TCAQ,81.3,PERCENT
SB,2016,SE_GC_TCAQ,85.94,PERCENT
SB,2017,SE_GC_TCAQ,88.14,PERCENT
SB,2019,SE_GC_TCAQ,93.41,PERCENT
NR,2022,SE_GC_TCAQ,33.33,PERCENT
TO,2015,SE_TOT_PRFL,79.0,PERCENT
TO,2018,SE_TOT_PRFL,82.0,PERCENT
KI,2018,SE_TOT_GPI,126.0,INDEX
NR,2023,SE_TOT_ICTS,57.3,PERCENT
MH,2015,SE_PRE_PARTN,38.5,PERCENT
MH,2016,SE_PRE_PARTN,64.7,PERCENT
MH,2019,SE_PRE_PARTN,68.5,PERCENT
MH,2020,SE_PRE_PARTN,62.09,PERCENT
MH,2021,SE_PRE_PARTN,81.03,PERCENT
MH,2022,SE_PRE_PARTN,86.81,PERCENT
VU,2018,SPC_4_6_1,95.98,PERCENT
FM,2018,SE_GC_TCAQ,39.88,PERCENT
FM,2019,SE_GC_TCAQ,39.25,PERCENT
FM,2020,SE_GC_TCAQ,37.97,PERCENT
FM,2021,SE_GC_TCAQ,38.71,PERCENT
VU,2018,SE_GC_TCAQ,73.64,PERCENT
VU,2019,SE_GC_TCAQ,36.0,PERCENT
TV,2020,SE_ACS_DISAB,0.0,PERCENT
TV,2021,SE_ACS_DISAB,50.0,PERCENT
TV,2022,SE_ACS_DISAB,100.0,PERCENT
PW,2021,SE_GC_TCAQ,100.0,PERCENT
SB,2016,SE_ACS_SANIT,33.9,PERCENT
SB,2018,SE_ACS_SANIT,42.5,PERCENT
NU,2016,SE_ACS_H2O,100.0,PERCENT
FJ,2018,SE_TOT_PRFL,78.0,PERCENT
PG,2014,SE_TOT_PRFL,47.0,PERCENT
KI,2014,SE_GC_TCAQ,79.2,INDEX
KI,2016,SE_GC_TCAQ,100.0,INDEX
WS,2012,SE_TOT_PRFL,52.0,PERCENT
WS,2015,SE_TOT_PRFL,33.0,PERCENT
WS,2018,SE_TOT_PRFL,50.0,PERCENT
PW,2018,SE_TOT_GPI,106.0,INDEX
SB,2016,SE_GC_TCAQ,82.22,PERCENT
SB,2017,SE_GC_TCAQ,85.17,PERCENT
SB,2018,SE_GC_TCAQ,88.27,PERCENT
CK,2013,SE_PRE_PARTN,95.0,PERCENT
CK,2014,SE_PRE_PARTN,88.4,PERCENT
CK,2015,SE_PRE_PARTN,89.5,PERCENT
CK,2016,SE_PRE_PARTN,95.8,PERCENT
CK,2019,SE_PRE_PARTN,96.9,PERCENT
CK,2020,SE_PRE_PARTN,85.89,PERCENT
CK,2021,SE_PRE_PARTN,80.4,PERCENT
CK,2022,SE_PRE_PARTN,85.5,PERCENT
NC,2013,SPC_4_6_1,73.0,PERCENT
SB,2015,SE_TOT_PRFL,46.0,PERCENT
SB,2018,SE_TOT_PRFL,49.0,PERCENT
WS,2018,SE_TOT_GPI,159.0,INDEX
TK,2019,SE_ACS_H2O,100.0,PERCENT
CK,2018,SE_ACS_ELECT,100.0,PERCENT
CK,2020,SE_ACS_ELECT,100.0,PERCENT
CK,2021,SE_ACS_ELECT,100.0,PERCENT
CK,2022,SE_ACS_ELECT,100.0,PERCENT
WS,2019,SE_TOT_PRFL,19.0,PERCENT
PW,2016,SE_GC_TCAQ,20.0,INDEX
CK,2013,SE_PRE_PARTN,100.0,PERCENT
CK,2014,SE_PRE_PARTN,100.0,PERCENT
CK,2015,SE_PRE_PARTN,100.0,PERCENT
CK,2016,SE_PRE_PARTN,100.0,PERCENT
CK,2019,SE_PRE_PARTN,100.0,PERCENT
CK,2020,SE_PRE_PARTN,100.0,PERCENT
CK,2021,SE_PRE_PARTN,75.7,PERCENT
CK,2022,SE_PRE_PARTN,74.6,PERCENT
SB,2016,SE_ACS_CMPTR,15.2,PERCENT
SB,2018,SE_ACS_CMPTR,9.8,PERCENT
TV,2016,SE_GC_TCAQ,51.4,PERCENT
TV,2018,SE_GC_TCAQ,68.57,PERCENT
TV,2022,SE_GC_TCAQ,26.09,PERCENT
SB,2015,SE_TOT_PRFL,77.0,PERCENT
TO,2020,SE_GPI_PTNPRE,89.0,INDEX
KI,2013,SE_TOT_PRFL,16.0,PERCENT
KI,2020,SE_GC_TCAQ,85.27,PERCENT
KI,2020,SE_GC_TCAQ,92.44,PERCENT
WS,2017,SE_GC_TCAQ,88.0,INDEX
MH,2015,SE_TOT_PRFL,36.0,PERCENT
MH,2018,SE_TOT_PRFL,57.0,PERCENT
CK,2017,SE_TOT_GPI,98.0,INDEX
VU,2015,SE_ACS_SANIT,40.6,PERCENT
PG,2018,SE_TOT_PRFL,58.0,PERCENT
FM,2015,SE_GPI_PTNPRE,91.0,INDEX
FM,2016,SE_GPI_PTNPRE,88.0,INDEX
FM,2017,SE_GPI_PTNPRE,91.0,INDEX
FM,2018,SE_GPI_PTNPRE,91.0,INDEX
MH,2019,SE_ACS_CMPTR,92.6,PERCENT
MH,2020,SE_ACS_CMPTR,92.3,PERCENT
MH,2022,SE_ACS_CMPTR,26.1,PERCENT
TK,2012,SE_TOT_PRFL,47.0,PERCENT
TK,2015,SE_TOT_PRFL,51.0,PERCENT
TK,2018,SE_TOT_PRFL,67.0,PERCENT
TK,2021,SE_TOT_PRFL,83.0,PERCENT
TO,2020,SE_GC_TCAQ,52.72,PERCENT
TO,2021,SE_GC_TCAQ,57.4,PERCENT
TO,2022,SE_GC_TCAQ,62.0,PERCENT
PW,2021,SE_GC_TCAQ,0.0,PERCENT
TK,2018,SE_TOT_GPI,152.0,INDEX
FJ,2018,SE_TOT_GPI,116.0,INDEX
FM,2021,SE_ACC_HNDWSH,84.6,PERCENT
FM,2022,SE_ACC_HNDWSH,84.6,PERCENT
PG,2018,SE_TOT_GPI,101.0,INDEX
FM,2015,SE_TOT_PRFL,25.0,PERCENT
FJ,2012,SE_GPI_TCAQ,100.0,INDEX
TK,2020,SE_ACS_H2O,100.0,PERCENT
TK,2021,SE_ACS_H2O,100.0,PERCENT
VU,2015,SE_TOT_GPI,104.0,INDEX
CK,2015,SE_GC_TCAQ,83.87,PERCENT
WS,2017,SE_ACS_CMPTR,34.0,PERCENT
WS,2019,SE_ACS_CMPTR,15.3,PERCENT
WS,2020,SE_ACS_CMPTR,99.42,PERCENT
WS,2021,SE_ACS_CMPTR,45.1,PERCENT
WS,2022,SE_ACS_CMPTR,96.5,PERCENT
WS,2015,SE_TOT_PRFL,46.0,PERCENT
WS,2018,SE_TOT_PRFL,67.0,PERCENT
WS,2017,SE_ACS_ELECT,100.0,PERCENT
WS,2018,SE_ACS_ELECT,100.0,PERCENT
WS,2019,SE_ACS_ELECT,100.0,PERCENT
NU,2015,SE_TOT_PRFL,60.0,PERCENT
NU,2018,SE_TOT_PRFL,35.0,PERCENT
VU,2015,SE_PRE_PARTN,42.0,PERCENT
VU,2018,SE_PRE_PARTN,91.55,PERCENT
VU,2019,SE_PRE_PARTN,97.21,PERCENT
VU,2020,SE_PRE_PARTN,98.03,PERCENT
VU,2021,SE_PRE_PARTN,88.31,PERCENT
VU,2022,SE_PRE_PARTN,81.3,PERCENT
VU,2023,SE_PRE_PARTN,87.4,PERCENT
TV,2019,SE_TOT_PRFL,55.0,PERCENT
NU,2016,SE_ACS_SANIT,100.0,PERCENT
CK,2015,SE_TOT_PRFL,56.7,PERCENT
CK,2018,SE_TOT_PRFL,71.0,PERCENT
TV,2019,SE_ACC_HNDWSH,18.2,PERCENT
TV,2020,SE_ACC_HNDWSH,100.0,PERCENT
TV,2021,SE_ACC_HNDWSH,91.7,PERCENT
TV,2022,SE_ACC_HNDWSH,91.7,PERCENT
PF,2020,SE_ACS_DISAB,40.0,PERCENT
PW,2012,SE_TOT_PRFL,97.0,PERCENT
PW,2015,SE_TOT_PRFL,89.0,PERCENT
PW,2018,SE_TOT_PRFL,96.0,PERCENT
WS,2017,SE_ACS_H2O,100.0,PERCENT
WS,2018,SE_ACS_H2O,100.0,PERCENT
WS,2019,SE_ACS_H2O,100.0,PERCENT
NR,2016,SE_ACS_CMPTR,50.0,PERCENT
NR,2019,SE_ACS_CMPTR,100.0,PERCENT
VU,2012,SE_TOT_PRFL,59.0,PERCENT
VU,2015,SE_TOT_PRFL,75.0,PERCENT
VU,2018,SE_TOT_PRFL,84.0,PERCENT
VU,2021,SE_TOT_PRFL,73.0,PERCENT
FM,2017,SE_TOT_GPI,92.0,INDEX
MH,2002,SE_GPI_TCAQ,100.0,INDEX
CK,2012,SE_GPI_TCAQ,118.0,INDEX
CK,2014,SE_GPI_TCAQ,107.0,INDEX
CK,2015,SE_GPI_TCAQ,109.0,INDEX
CK,2016,SE_GPI_TCAQ,97.0,INDEX
CK,2019,SE_GPI_TCAQ,100.0,INDEX
CK,2020,SE_GPI_TCAQ,99.0,INDEX
SB,2016,SE_ACS_ELECT,49.9,PERCENT
SB,2017,SE_ACS_ELECT,50.5,PERCENT
SB,2018,SE_ACS_ELECT,50.5,PERCENT
SB,2019,SE_ACS_ELECT,56.1,PERCENT
SB,2015,SE_ACS_INTNT,13.0,PERCENT
SB,2016,SE_ACS_INTNT,13.3,PERCENT
SB,2018,SE_ACS_INTNT,10.3,PERCENT
KI,2020,SE_GPI_PTNPRE,105.0,INDEX
FM,2018,SE_GC_TCAQ,39.66,PERCENT
FM,2019,SE_GC_TCAQ,36.33,PERCENT
FM,2020,SE_GC_TCAQ,35.97,PERCENT
FM,2021,SE_GC_TCAQ,27.55,PERCENT
FJ,2021,SE_ACC_HNDWSH,90.8,PERCENT
FJ,2022,SE_ACC_HNDWSH,81.0,PERCENT
WS,2019,SE_TOT_PRFL,40.0,PERCENT
SB,2010,SE_GC_TCAQ,59.2,PERCENT
SB,2011,SE_GC_TCAQ,54.3,PERCENT
SB,2012,SE_GC_TCAQ,54.7,PERCENT
SB,2013,SE_GC_TCAQ,64.2,PERCENT
SB,2014,SE_GC_TCAQ,66.5,PERCENT
SB,2015,SE_GC_TCAQ,60.9,PERCENT
SB,2016,SE_GC_TCAQ,66.35,PERCENT
SB,2017,SE_GC_TCAQ,75.57,PERCENT
SB,2018,SE_GC_TCAQ,77.7,PERCENT
SB,2019,SE_GC_TCAQ,83.22,PERCENT
MH,2019,SE_ACC_HNDWSH,62.8,PERCENT
MH,2020,SE_ACC_HNDWSH,62.77,PERCENT
MH,2021,SE_ACC_HNDWSH,71.7,PERCENT
MH,2022,SE_ACC_HNDWSH,71.7,PERCENT
NR,2007,SE_GC_TCAQ,50.0,INDEX
CK,2016,SE_ACC_HNDWSH,100.0,PERCENT
FJ,2021,SE_ACS_ELECT,96.4,PERCENT
FJ,2022,SE_ACS_ELECT,89.2,PERCENT
TK,2018,SE_TOT_GPI,142.0,INDEX
TK,2019,SE_ACS_SANIT,100.0,PERCENT
FJ,2018,SE_TOT_PRFL,92.0,PERCENT
FJ,2021,SE_TOT_PRFL,79.0,PERCENT
TO,2015,SE_TOT_PRFL,63.0,PERCENT
TO,2018,SE_TOT_PRFL,72.0,PERCENT
PG,2015,SE_TOT_PRFL,51.0,PERCENT
PG,2018,SE_TOT_PRFL,84.0,PERCENT
PG,2021,SE_TOT_PRFL,77.0,PERCENT
TK,2015,SE_TOT_PRFL,45.0,PERCENT
TK,2018,SE_TOT_PRFL,58.0,PERCENT
MH,2016,SE_ACS_INTNT,25.5,PERCENT
SB,2016,SE_ACS_ELECT,67.0,PERCENT
SB,2017,SE_ACS_ELECT,79.0,PERCENT
SB,2018,SE_ACS_ELECT,79.0,PERCENT
WS,2012,SE_TOT_PRFL,22.0,PERCENT
WS,2015,SE_TOT_PRFL,28.0,PERCENT
WS,2018,SE_TOT_PRFL,61.0,PERCENT
WS,2021,SE_TOT_PRFL,48.0,PERCENT
TK,2019,SE_GC_TCAQ,21.43,PERCENT
TK,2020,SE_GC_TCAQ,39.29,PERCENT
TK,2021,SE_GC_TCAQ,21.43,PERCENT
NR,2018,SE_TOT_PRFL,57.0,PERCENT
NR,2021,SE_TOT_PRFL,62.0,PERCENT
TO,2012,SE_GC_TCAQ,100.0,PERCENT
WS,2015,SE_TOT_PRFL,24.0,PERCENT
KI,2020,SE_GC_TCAQ,85.85,PERCENT
CK,2019,SE_ACS_INTNT,100.0,PERCENT
FJ,2020,SE_GC_TCAQ,88.24,PERCENT
FJ,2021,SE_GC_TCAQ,86.67,PERCENT
FJ,2022,SE_GC_TCAQ,86.67,PERCENT
CK,2018,SE_TOT_GPI,126.0,INDEX
PW,2016,SE_GC_TCAQ,65.0,INDEX
VU,2023,SE_TOT_ICTS,17.5,PERCENT
TV,2015,SE_TOT_PRFL,33.0,PERCENT
TV,2018,SE_TOT_PRFL,40.0,PERCENT
NC,2018,SE_ACS_ELECT,100.0,PERCENT
VU,2015,SE_GPI_TCAQ,96.0,INDEX
TV,2018,SE_TOT_GPI,246.0,INDEX
VU,2019,SE_GPI_PTNPRE,106.0,INDEX
VU,2020,SE_GPI_PTNPRE,104.0,INDEX
TK,2015,SE_TOT_PRFL,48.0,PERCENT
TK,2018,SE_TOT_PRFL,54.0,PERCENT
MH,2020,SE_GC_TCAQ,66.94,PERCENT
MH,2021,SE_GC_TCAQ,85.51,PERCENT
MH,2022,SE_GC_TCAQ,80.23,PERCENT
PW,2015,SE_TOT_PRFL,100.0,PERCENT
VU,2018,SPC_4_6_1,87.51,PERCENT
TK,2016,SE_PRE_PARTN,100.0,PERCENT
TK,2019,SE_PRE_PARTN,88.24,PERCENT
TK,2020,SE_PRE_PARTN,93.75,PERCENT
TK,2021,SE_PRE_PARTN,94.12,PERCENT
MH,2015,SE_TOT_PRFL,78.0,PERCENT
MH,2018,SE_TOT_PRFL,82.0,PERCENT
TV,2016,SE_GC_TCAQ,34.6,PERCENT
TV,2018,SE_GC_TCAQ,62.0,PERCENT
TV,2022,SE_GC_TCAQ,28.12,PERCENT
PW,2018,SE_TOT_GPI,100.0,INDEX
NR,2014,SE_TOT_PRFL,38.2,PERCENT
KI,2020,SE_GC_TCAQ,86.84,PERCENT
NR,2014,SE_TOT_GPI,113.0,INDEX
TK,2020,SE_ACS_DISAB,0.0,PERCENT
TK,2021,SE_ACS_DISAB,100.0,PERCENT
VU,2011,SE_TOT_PRFL,18.9,PERCENT
VU,2012,SE_TOT_PRFL,30.4,PERCENT
SB,2015,SE_ACS_CMPTR,14.0,PERCENT
PW,2015,SE_TOT_PRFL,96.0,PERCENT
PW,2018,SE_TOT_PRFL,99.0,PERCENT
TV,2018,SE_TOT_GPI,167.0,INDEX
PG,2016,SE_PRE_PARTN,71.4,PERCENT
PG,2018,SE_PRE_PARTN,66.26,PERCENT
PW,2016,SE_GC_TCAQ,59.26,INDEX
TV,2019,SE_ACS_SANIT,36.8,PERCENT
NC,2013,SE_TOT_GPI,106.0,INDEX
CK,2011,SE_GC_TCAQ,69.69697,PERCENT
CK,2012,SE_GC_TCAQ,82.14286,PERCENT
CK,2013,SE_GC_TCAQ,75.75758,PERCENT
CK,2014,SE_GC_TCAQ,69.69697,PERCENT
CK,2016,SE_GC_TCAQ,78.125,PERCENT
CK,2019,SE_GC_TCAQ,100.0,PERCENT
CK,2020,SE_GC_TCAQ,95.45,PERCENT
NR,2023,SE_TOT_PRFL,38.9,PERCENT
PG,2016,SE_GPI_TCAQ,82.0,INDEX
WS,2018,SPC_4_6_1,99.25,PERCENT
WS,2017,SE_ACC_HNDWSH,100.0,PERCENT
WS,2018,SE_ACC_HNDWSH,100.0,PERCENT
WS,2019,SE_ACC_HNDWSH,100.0,PERCENT
WS,2020,SE_ACC_HNDWSH,99.42,PERCENT
WS,2021,SE_ACC_HNDWSH,74.0,PERCENT
WS,2022,SE_ACC_HNDWSH,71.0,PERCENT
PG,2018,SE_TOT_GPI,129.0,INDEX
SB,2016,SE_GPI_TCAQ,107.0,INDEX
SB,2017,SE_GPI_TCAQ,103.0,INDEX
SB,2019,SE_GPI_TCAQ,99.0,INDEX
NU,2016,SE_ACS_INTNT,100.0,PERCENT
TO,2020,SE_PRE_PARTN,100.0,PERCENT
TO,2022,SE_PRE_PARTN,83.11,PERCENT
KI,2018,SE_TOT_GPI,107.0,INDEX
CK,2016,SE_ACS_ELECT,100.0,PERCENT
PG,2016,SE_GPI_TCAQ,91.0,INDEX
MH,2019,SE_ACS_CMPTR,94.1,PERCENT
SB,2015,SE_TOT_PRFL,55.0,PERCENT
SB,2018,SE_TOT_PRFL,60.0,PERCENT
CK,2012,SE_TOT_PRFL,79.0,PERCENT
CK,2015,SE_TOT_PRFL,68.0,PERCENT
CK,2018,SE_TOT_PRFL,78.0,PERCENT
CK,2021,SE_TOT_PRFL,82.0,PERCENT
KI,2016,SE_TOT_GPI,103.0,INDEX
CK,2016,SE_GC_TCAQ,95.83333,PERCENT
CK,2020,SE_GC_TCAQ,98.1,PERCENT
CK,2021,SE_GC_TCAQ,97.17,PERCENT
CK,2022,SE_GC_TCAQ,100.0,PERCENT
PG,2014,SE_TOT_PRFL,48.0,PERCENT
TK,2019,SE_GC_TCAQ,50.0,PERCENT
TK,2020,SE_GC_TCAQ,0.0,PERCENT
TK,2021,SE_GC_TCAQ,0.0,PERCENT
MH,2020,SE_GC_TCAQ,54.77,PERCENT
MH,2022,SE_GC_TCAQ,72.66,PERCENT
SB,2015,SE_TOT_PRFL,86.0,PERCENT
MH,2021,SE_ACS_DISAB,40.2,PERCENT
MH,2022,SE_ACS_DISAB,40.2,PERCENT
KI,2016,SE_GC_TCAQ,91.5,INDEX
KI,2020,SE_ACS_H2O,67.01,PERCENT
TO,2015,SE_TOT_PRFL,26.0,PERCENT
TO,2018,SE_TOT_PRFL,36.0,PERCENT
WS,2019,SE_ACS_DISAB,15.3,PERCENT
WS,2020,SE_ACS_DISAB,45.09,PERCENT
WS,2022,SE_ACS_DISAB,60.1,PERCENT
FM,2018,SE_GC_TCAQ,30.31,PERCENT
FM,2019,SE_GC_TCAQ,28.6,PERCENT
FM,2020,SE_GC_TCAQ,25.17,PERCENT
FM,2021,SE_GC_TCAQ,30.35,PERCENT
FM,2021,SE_ACS_H2O,86.7,PERCENT
FM,2022,SE_ACS_H2O,86.7,PERCENT
KI,2020,SE_GC_TCAQ,90.09,PERCENT
VU,2019,SE_PRE_PARTN,100.0,PERCENT
VU,2020,SE_PRE_PARTN,100.0,PERCENT
VU,2021,SE_PRE_PARTN,90.72,PERCENT
VU,2022,SE_PRE_PARTN,82.29,PERCENT
SB,2011,SE_GPI_TCAQ,101.0,INDEX
SB,2013,SE_GPI_TCAQ,105.0,INDEX
SB,2017,SE_GPI_TCAQ,104.0,INDEX
SB,2018,SE_GPI_TCAQ,101.0,INDEX
KI,2020,SE_GPI_TCAQ,98.0,INDEX
CK,2019,SE_ACS_SANIT,100.0,PERCENT
TV,2019,SE_TOT_PRFL,46.0,PERCENT
TV,2016,SE_TOT_PRFL,50.0,PERCENT
WS,2020,SE_ACS_ELECT,99.42,PERCENT
WS,2021,SE_ACS_ELECT,100.0,PERCENT
WS,2022,SE_ACS_ELECT,100.0,PERCENT
NU,2012,SE_TOT_PRFL,82.0,PERCENT
NU,2015,SE_TOT_PRFL,69.0,PERCENT
NU,2018,SE_TOT_PRFL,62.0,PERCENT
NU,2021,SE_TOT_PRFL,90.0,PERCENT
NR,2020,SE_ACS_ELECT,100.0,PERCENT
NR,2022,SE_ACS_ELECT,100.0,PERCENT
VU,2015,SE_GPI_TCAQ,105.0,INDEX
CK,2016,SE_ACS_DISAB,0.0,PERCENT
CK,2019,SE_ACS_DISAB,100.0,PERCENT
CK,2020,SE_ACS_DISAB,100.0,PERCENT
CK,2021,SE_ACS_DISAB,100.0,PERCENT
CK,2022,SE_ACS_DISAB,100.0,PERCENT
MH,2012,SE_TOT_PRFL,69.0,PERCENT
MH,2015,SE_TOT_PRFL,79.0,PERCENT
MH,2018,SE_TOT_PRFL,85.0,PERCENT
PG,2016,SE_GPI_TCAQ,58.0,INDEX
PW,2020,SE_ACC_HNDWSH,84.21,PERCENT
PW,2021,SE_ACC_HNDWSH,100.0,PERCENT
CK,2016,SE_ACS_INTNT,100.0,PERCENT
MH,2016,SE_ACS_H2O,3.2,PERCENT
TO,2013,SE_GC_TCAQ,99.6,PERCENT
TO,2014,SE_GC_TCAQ,96.8,PERCENT
TO,2015,SE_GC_TCAQ,91.5,PERCENT
TO,2018,SE_GC_TCAQ,94.42,PERCENT
TO,2019,SE_GC_TCAQ,92.36,PERCENT
TO,2020,SE_GC_TCAQ,93.44,PERCENT
TO,2021,SE_GC_TCAQ,97.16,PERCENT
TO,2022,SE_GC_TCAQ,96.67,PERCENT
NU,2016,SE_GC_TCAQ,92.3,PERCENT
SB,2015,SE_GPI_TCAQ,93.0,INDEX
SB,2010,SE_GC_TCAQ,56.5,PERCENT
SB,2011,SE_GC_TCAQ,52.7,PERCENT
SB,2012,SE_GC_TCAQ,53.9,PERCENT
SB,2013,SE_GC_TCAQ,62.4,PERCENT
SB,2014,SE_GC_TCAQ,62.5,PERCENT
SB,2015,SE_GC_TCAQ,56.7,PERCENT
SB,2016,SE_GC_TCAQ,64.35,PERCENT
SB,2017,SE_GC_TCAQ,72.27,PERCENT
SB,2018,SE_GC_TCAQ,74.02,PERCENT
SB,2019,SE_GC_TCAQ,81.4,PERCENT
FM,2017,SE_TOT_GPI,105.0,INDEX
TO,2018,SPC_4_6_1,99.44,PERCENT
TO,2020,SE_ACS_H2O,98.18,PERCENT
TO,2021,SE_ACS_H2O,97.6,PERCENT
TO,2022,SE_ACS_H2O,97.6,PERCENT
VU,2018,SE_TOT_GPI,109.0,INDEX
PG,2016,SE_TOT_GPI,71.0,INDEX
NU,2019,SE_ACS_ELECT,100.0,PERCENT
NU,2020,SE_ACS_ELECT,100.0,PERCENT
NU,2021,SE_ACS_ELECT,100.0,PERCENT
NU,2022,SE_ACS_ELECT,100.0,PERCENT
NU,2023,SE_ACS_ELECT,100.0,PERCENT
VU,2015,SE_TOT_PRFL,87.0,PERCENT
VU,2018,SE_TOT_PRFL,76.0,PERCENT
TV,2020,SE_GC_TCAQ,0.0,PERCENT
TV,2019,SE_TOT_PRFL,54.0,PERCENT
KI,2018,SE_TOT_PRFL,21.6,PERCENT
TK,2019,SE_GC_TCAQ,83.33,PERCENT
TK,2020,SE_GC_TCAQ,83.33,PERCENT
TK,2021,SE_GC_TCAQ,83.33,PERCENT
WS,2010,SE_PRE_PARTN,22.8,PERCENT
WS,2011,SE_PRE_PARTN,27.1,PERCENT
WS,2012,SE_PRE_PARTN,23.8,PERCENT
WS,2014,SE_PRE_PARTN,30.3,PERCENT
WS,2015,SE_PRE_PARTN,30.1,PERCENT
WS,2016,SE_PRE_PARTN,27.5,PERCENT
WS,2017,SE_PRE_PARTN,31.4,PERCENT
WS,2018,SE_PRE_PARTN,34.3,PERCENT
WS,2019,SE_PRE_PARTN,52.0,PERCENT
WS,2021,SE_PRE_PARTN,29.86,PERCENT
WS,2022,SE_PRE_PARTN,29.1,PERCENT
KI,2020,SE_ACS_ELECT,42.27,PERCENT
WS,2015,SE_TOT_PRFL,78.0,PERCENT
WS,2018,SE_TOT_PRFL,65.0,PERCENT
TV,2015,SE_TOT_PRFL,13.0,PERCENT
TV,2018,SE_TOT_PRFL,24.0,PERCENT
NR,2014,SE_TOT_PRFL,51.5,PERCENT
PW,2016,SE_GC_TCAQ,33.7,INDEX
KI,2018,SE_PRE_PARTN,95.2,PERCENT
KI,2020,SE_PRE_PARTN,95.57,PERCENT
PW,2015,SE_TOT_PRFL,84.0,PERCENT
PW,2018,SE_TOT_PRFL,92.0,PERCENT
PW,2014,SE_GC_TCAQ,100.0,INDEX
FJ,2018,SE_TOT_GPI,110.0,INDEX
WS,2019,SE_PRE_PARTN,48.0,PERCENT
TO,2014,SE_ACS_SANIT,67.0,PERCENT
KI,2020,SE_ACS_CMPTR,19.59,PERCENT
CK,2015,SE_TOT_PRFL,75.0,PERCENT
CK,2018,SE_TOT_PRFL,66.0,PERCENT
CK,2011,SE_GC_TCAQ,96.5812,PERCENT
CK,2012,SE_GC_TCAQ,95.27559,PERCENT
CK,2013,SE_GC_TCAQ,97.16981,PERCENT
CK,2014,SE_GC_TCAQ,89.18919,PERCENT
CK,2016,SE_GC_TCAQ,95.3271,PERCENT
CK,2018,SE_GC_TCAQ,98.36,PERCENT
CK,2020,SE_GC_TCAQ,98.26,PERCENT
CK,2021,SE_GC_TCAQ,97.39,PERCENT
MH,2018,SE_TOT_GPI,104.0,INDEX
VU,2019,SE_GC_TCAQ,59.97,PERCENT
WS,2017,SE_ACS_CMPTR,1.4,PERCENT
SB,2018,SE_TOT_GPI,100.0,INDEX
CK,2015,SE_GPI_TCAQ,95.0,INDEX
CK,2016,SE_GPI_TCAQ,90.0,INDEX
CK,2017,SE_GPI_TCAQ,105.0,INDEX
CK,2018,SE_GPI_TCAQ,105.0,INDEX
CK,2020,SE_GPI_TCAQ,98.0,INDEX
MH,2015,SE_TOT_PRFL,66.0,PERCENT
MH,2018,SE_TOT_PRFL,79.0,PERCENT
TO,2020,SE_ACS_ELECT,83.21,PERCENT
TO,2021,SE_ACS_ELECT,91.6,PERCENT
TO,2022,SE_ACS_ELECT,92.3,PERCENT
TK,2015,SE_TOT_PRFL,58.0,PERCENT
TO,2015,SE_GPI_TCAQ,99.0,INDEX
TK,2019,SE_GC_TCAQ,14.29,PERCENT
TK,2020,SE_GC_TCAQ,14.29,PERCENT
TK,2021,SE_GC_TCAQ,14.29,PERCENT
KI,2014,SE_GPI_TCAQ,104.0,INDEX
SB,2012,SE_TOT_PRFL,82.0,PERCENT
SB,2021,SE_TOT_PRFL,94.0,PERCENT
NU,2016,SE_ACS_DISAB,100.0,PERCENT
NU,2019,SE_ACS_DISAB,100.0,PERCENT
NU,2020,SE_ACS_DISAB,100.0,PERCENT
NU,2021,SE_ACS_DISAB,100.0,PERCENT
NU,2022,SE_ACS_DISAB,100.0,PERCENT
TV,2019,SE_PRE_PARTN,75.0,PERCENT
SB,2015,SE_GC_TCAQ,60.8,INDEX
TV,2015,SE_PRE_PARTN,98.3,PERCENT
TV,2016,SE_PRE_PARTN,87.0,PERCENT
TV,2018,SE_PRE_PARTN,88.0,PERCENT
TV,2019,SE_PRE_PARTN,93.4,PERCENT
NR,2012,SE_PRE_PARTN,88.1,PERCENT
NR,2014,SE_PRE_PARTN,71.2,PERCENT
NR,2016,SE_PRE_PARTN,74.8,PERCENT
NR,2019,SE_PRE_PARTN,94.5,PERCENT
NR,2020,SE_PRE_PARTN,75.57,PERCENT
NR,2023,SE_PRE_PARTN,78.0,PERCENT
CK,2014,SE_GC_TCAQ,92.9,PERCENT
KI,2018,SE_TOT_PRFL,30.5,PERCENT
VU,2018,SPC_4_6_1,86.71,PERCENT
TV,2018,SE_GC_TCAQ,91.25,PERCENT
TV,2019,SE_GC_TCAQ,100.0,PERCENT
TV,2020,SE_GC_TCAQ,96.3,PERCENT
TV,2021,SE_GC_TCAQ,100.0,PERCENT
TV,2022,SE_GC_TCAQ,75.36,PERCENT
SB,2011,SE_GC_TCAQ,61.3,PERCENT
SB,2012,SE_GC_TCAQ,40.0,PERCENT
SB,2013,SE_GC_TCAQ,51.2,PERCENT
SB,2018,SE_GC_TCAQ,24.9,PERCENT
WS,2019,SE_TOT_PRFL,52.0,PERCENT
SB,2015,SE_TOT_PRFL,71.0,PERCENT
SB,2018,SE_TOT_PRFL,73.0,PERCENT
KI,2012,SE_TOT_PRFL,40.0,PERCENT
KI,2015,SE_TOT_PRFL,56.0,PERCENT
KI,2018,SE_TOT_PRFL,53.0,PERCENT
KI,2021,SE_TOT_PRFL,26.0,PERCENT
PG,2018,SE_TOT_PRFL,86.0,PERCENT
WS,2017,SE_ACS_SANIT,100.0,PERCENT
WS,2018,SE_ACS_SANIT,100.0,PERCENT
WS,2019,SE_ACS_SANIT,100.0,PERCENT
TK,2012,SE_TOT_PRFL,50.0,PERCENT
TK,2015,SE_TOT_PRFL,22.0,PERCENT
TK,2018,SE_TOT_PRFL,39.0,PERCENT
FM,2015,SE_TOT_PRFL,39.0,PERCENT
TK,2019,SE_ACS_ELECT,100.0,PERCENT
TK,2020,SE_ACS_ELECT,100.0,PERCENT
TK,2021,SE_ACS_ELECT,100.0,PERCENT
NR,2019,SE_ACC_HNDWSH,75.0,PERCENT
NR,2022,SE_ACC_HNDWSH,100.0,PERCENT
VU,2015,SE_GC_TCAQ,22.0,PERCENT
TV,2019,SE_ACS_CMPTR,36.8,PERCENT
TV,2020,SE_ACS_CMPTR,80.0,PERCENT
TV,2021,SE_ACS_CMPTR,100.0,PERCENT
CK,2011,SE_GC_TCAQ,88.46154,PERCENT
CK,2013,SE_GC_TCAQ,90.625,PERCENT
CK,2014,SE_GC_TCAQ,93.54839,PERCENT
CK,2015,SE_GC_TCAQ,98.3871,PERCENT
CK,2018,SE_GC_TCAQ,99.13,PERCENT
CK,2020,SE_GC_TCAQ,99.18,PERCENT
CK,2021,SE_GC_TCAQ,98.17,PERCENT
TV,2018,SE_GC_TCAQ,66.67,PERCENT
TV,2019,SE_GC_TCAQ,64.86,PERCENT
TV,2020,SE_GC_TCAQ,66.67,PERCENT
TV,2021,SE_GC_TCAQ,41.94,PERCENT
TV,2022,SE_GC_TCAQ,22.35,PERCENT
WS,2015,SE_TOT_PRFL,30.0,PERCENT
WS,2018,SE_TOT_PRFL,39.0,PERCENT
MH,2021,SE_ACS_DISAB,50.0,PERCENT
MH,2022,SE_ACS_DISAB,50.0,PERCENT
NU,2012,SE_TOT_PRFL,71.0,PERCENT
NU,2018,SE_TOT_PRFL,67.0,PERCENT
NU,2021,SE_TOT_PRFL,93.0,PERCENT
CK,2011,SE_GC_TCAQ,94.6,PERCENT
CK,2013,SE_GC_TCAQ,93.2,PERCENT
CK,2014,SE_GC_TCAQ,97.1,PERCENT
CK,2015,SE_GC_TCAQ,97.1,PERCENT
CK,2020,SE_GC_TCAQ,98.75,PERCENT
CK,2021,SE_GC_TCAQ,97.3,PERCENT
PW,2014,SE_PRE_PARTN,100.0,PERCENT
PW,2020,SE_PRE_PARTN,79.99,PERCENT
TV,2016,SE_GPI_TCAQ,87.0,INDEX
TV,2020,SE_ACS_DISAB,10.0,PERCENT
TV,2021,SE_ACS_DISAB,80.0,PERCENT
TV,2022,SE_ACS_DISAB,80.0,PERCENT
MH,2012,SE_TOT_PRFL,31.0,PERCENT
MH,2015,SE_TOT_PRFL,31.0,PERCENT
MH,2018,SE_TOT_PRFL,53.0,PERCENT
NC,2009,SPC_4_6_1,99.5,PERCENT
NC,2013,SPC_4_6_1,88.0,PERCENT
SB,2011,SE_GC_TCAQ,59.9,PERCENT
SB,2012,SE_GC_TCAQ,40.8,PERCENT
SB,2013,SE_GC_TCAQ,51.4,PERCENT
SB,2018,SE_GC_TCAQ,23.0,PERCENT
SB,2012,SE_TOT_PRFL,92.0,PERCENT
SB,2015,SE_TOT_PRFL,97.0,PERCENT
SB,2018,SE_TOT_PRFL,97.0,PERCENT
MH,2015,SE_PRE_PARTN,40.8,PERCENT
MH,2016,SE_PRE_PARTN,62.2,PERCENT
MH,2019,SE_PRE_PARTN,69.2,PERCENT
MH,2020,SE_PRE_PARTN,58.8,PERCENT
MH,2021,SE_PRE_PARTN,86.89,PERCENT
MH,2022,SE_PRE_PARTN,95.0,PERCENT
TV,2016,SE_GPI_PTNPRE,106.0,INDEX
TV,2017,SE_GPI_PTNPRE,102.0,INDEX
TV,2018,SE_GPI_PTNPRE,102.0,INDEX
TK,2018,SE_TOT_GPI,200.0,INDEX
MH,2015,SE_TOT_PRFL,57.0,PERCENT
MH,2018,SE_TOT_PRFL,76.0,PERCENT
NR,2023,SE_TOT_ICTS,55.2,PERCENT
NR,2014,SE_TOT_GPI,112.0,INDEX
PW,2014,SE_PRE_PARTN,80.4,PERCENT
PW,2020,SE_PRE_PARTN,100.0,PERCENT
NU,2019,SE_ACS_CMPTR,100.0,PERCENT
TV,2016,SE_TOT_GPI,103.0,INDEX
TO,2015,SE_TOT_PRFL,35.0,PERCENT
TO,2018,SE_TOT_PRFL,47.0,PERCENT
TO,2021,SE_TOT_PRFL,30.0,PERCENT
NR,2019,SE_ACC_HNDWSH,100.0,PERCENT
WS,2018,SE_TOT_GPI,120.0,INDEX
WS,2010,SE_PRE_PARTN,28.5,PERCENT
WS,2011,SE_PRE_PARTN,29.7,PERCENT
WS,2012,SE_PRE_PARTN,25.4,PERCENT
WS,2014,SE_PRE_PARTN,25.6,PERCENT
WS,2015,SE_PRE_PARTN,31.0,PERCENT
WS,2016,SE_PRE_PARTN,29.8,PERCENT
WS,2017,SE_PRE_PARTN,35.1,PERCENT
WS,2018,SE_PRE_PARTN,41.9,PERCENT
WS,2019,SE_PRE_PARTN,58.0,PERCENT
WS,2021,SE_PRE_PARTN,32.69,PERCENT
WS,2022,SE_PRE_PARTN,33.79,PERCENT
VU,2012,SE_TOT_PRFL,71.0,PERCENT
VU,2015,SE_TOT_PRFL,89.0,PERCENT
VU,2018,SE_TOT_PRFL,79.0,PERCENT
NU,2018,SE_TOT_GPI,251.0,INDEX
KI,2018,SE_TOT_PRFL,24.3,PERCENT
TK,2019,SE_ACC_HNDWSH,100.0,PERCENT
FJ,2018,SE_TOT_GPI,137.0,INDEX
CK,2013,SE_PRE_PARTN,97.4,PERCENT
CK,2014,SE_PRE_PARTN,94.1,PERCENT
CK,2015,SE_PRE_PARTN,94.7,PERCENT
CK,2016,SE_PRE_PARTN,99.1,PERCENT
CK,2019,SE_PRE_PARTN,98.4,PERCENT
CK,2020,SE_PRE_PARTN,92.73,PERCENT
CK,2021,SE_PRE_PARTN,78.1,PERCENT
CK,2022,SE_PRE_PARTN,80.2,PERCENT
NR,2016,SE_ACS_ELECT,66.7,PERCENT
TV,2019,SE_ACS_H2O,26.3,PERCENT
TV,2020,SE_ACS_H2O,100.0,PERCENT
TV,2021,SE_ACS_H2O,80.0,PERCENT
TV,2022,SE_ACS_H2O,80.0,PERCENT
FM,2018,SE_GC_TCAQ,35.67,PERCENT
FM,2019,SE_GC_TCAQ,32.71,PERCENT
FM,2020,SE_GC_TCAQ,30.54,PERCENT
FM,2021,SE_GC_TCAQ,31.7,PERCENT
NR,2018,SE_TOT_PRFL,74.0,PERCENT
FJ,2019,SE_PRE_PARTN,100.0,PERCENT
FJ,2020,SE_PRE_PARTN,86.03,PERCENT
FJ,2021,SE_PRE_PARTN,87.11,PERCENT
FJ,2022,SE_PRE_PARTN,81.43,PERCENT
SB,2016,SE_ACS_ELECT,83.0,PERCENT
SB,2017,SE_ACS_ELECT,74.2,PERCENT
SB,2018,SE_ACS_ELECT,74.2,PERCENT
TK,2016,SE_GC_TCAQ,100.0,PERCENT
NU,2016,SE_GC_TCAQ,80.0,PERCENT
TV,2015,SE_PRE_PARTN,96.7,PERCENT
TV,2016,SE_PRE_PARTN,90.3,PERCENT
TV,2018,SE_PRE_PARTN,85.4,PERCENT
TV,2019,SE_PRE_PARTN,74.0,PERCENT
MH,2021,SE_GC_TCAQ,50.13,PERCENT
MH,2022,SE_GC_TCAQ,51.01,PERCENT
VU,2015,SE_TOT_PRFL,62.0,PERCENT
VU,2018,SE_TOT_PRFL,73.0,PERCENT
NR,2014,SE_TOT_PRFL,28.1,PERCENT
KI,2018,SE_TOT_GPI,113.0,INDEX
TV,2021,SE_ACS_DISAB,75.0,PERCENT
TV,2022,SE_ACS_DISAB,75.0,PERCENT
CK,2014,SE_GPI_PTNPRE,105.0,INDEX
CK,2015,SE_GPI_PTNPRE,112.0,INDEX
CK,2017,SE_GPI_PTNPRE,104.0,INDEX
CK,2018,SE_GPI_PTNPRE,104.0,INDEX
CK,2020,SE_GPI_PTNPRE,116.0,INDEX
TK,2019,SE_GC_TCAQ,12.5,PERCENT
TK,2020,SE_GC_TCAQ,75.0,PERCENT
TK,2021,SE_GC_TCAQ,12.5,PERCENT
MH,2020,SE_GPI_TCAQ,113.0,INDEX
TO,2015,SE_TOT_PRFL,84.0,PERCENT
TO,2018,SE_TOT_PRFL,86.0,PERCENT
TO,2020,SE_ACC_HNDWSH,94.55,PERCENT
TO,2021,SE_ACC_HNDWSH,82.6,PERCENT
TO,2022,SE_ACC_HNDWSH,80.7,PERCENT
MH,2021,SE_GC_TCAQ,53.01,PERCENT
MH,2022,SE_GC_TCAQ,54.6,PERCENT
NR,2013,SE_GPI_PTNPRE,76.0,INDEX
NR,2014,SE_GPI_PTNPRE,134.0,INDEX
NR,2016,SE_GPI_PTNPRE,125.0,INDEX
NR,2017,SE_GPI_PTNPRE,98.0,INDEX
NR,2018,SE_GPI_PTNPRE,98.0,INDEX
NR,2020,SE_GPI_PTNPRE,109.0,INDEX
NR,2023,SE_GPI_PTNPRE,114.0,INDEX
TO,2020,SE_ACS_DISAB,11.54,PERCENT
TO,2022,SE_ACS_DISAB,11.7,PERCENT
WS,2018,SPC_4_6_1,98.96,PERCENT
CK,2011,SE_GC_TCAQ,68.8,PERCENT
CK,2012,SE_GC_TCAQ,82.1,PERCENT
CK,2013,SE_GC_TCAQ,75.8,PERCENT
CK,2014,SE_GC_TCAQ,69.7,PERCENT
CK,2016,SE_GC_TCAQ,78.1,PERCENT
NU,2016,SE_GC_TCAQ,100.0,PERCENT
NR,2022,SE_GC_TCAQ,100.0,PERCENT
PG,2015,SE_TOT_PRFL,23.0,PERCENT
PG,2018,SE_TOT_PRFL,52.0,PERCENT
PG,2021,SE_TOT_PRFL,66.0,PERCENT
NR,2016,SE_ACS_CMPTR,100.0,PERCENT
KI,2012,SE_TOT_PRFL,43.0,PERCENT
KI,2015,SE_TOT_PRFL,72.0,PERCENT
KI,2018,SE_TOT_PRFL,84.0,PERCENT
KI,2021,SE_TOT_PRFL,71.0,PERCENT
VU,2015,SE_GC_TCAQ,69.4,INDEX
FM,2015,SE_TOT_PRFL,80.0,PERCENT
FM,2018,SE_TOT_PRFL,87.0,PERCENT
MH,2016,SE_ACS_SANIT,26.6,PERCENT
NR,2014,SE_TOT_PRFL,31.3,PERCENT
MH,2019,SE_ACS_ELECT,74.5,PERCENT
MH,2020,SE_ACS_ELECT,74.47,PERCENT
MH,2021,SE_ACS_ELECT,73.9,PERCENT
MH,2022,SE_ACS_ELECT,87.0,PERCENT
NU,2016,SE_ACS_CMPTR,100.0,PERCENT
NU,2015,SE_TOT_PRFL,44.0,PERCENT
NU,2018,SE_TOT_PRFL,44.0,PERCENT
NR,2018,SE_TOT_GPI,149.0,INDEX
TV,2016,SE_TOT_PRFL,11.0,PERCENT
WS,2017,SE_ACS_CMPTR,100.0,PERCENT
WS,2018,SE_ACS_CMPTR,100.0,PERCENT
WS,2019,SE_ACS_CMPTR,100.0,PERCENT
KI,2014,SE_GC_TCAQ,79.1,INDEX
VU,2018,SE_GC_TCAQ,71.49,PERCENT
VU,2019,SE_GC_TCAQ,43.58,PERCENT
TV,2016,SE_GC_TCAQ,85.7,PERCENT
TV,2018,SE_GC_TCAQ,52.94,PERCENT
TV,2019,SE_GC_TCAQ,68.18,PERCENT
TV,2021,SE_GC_TCAQ,54.17,PERCENT
TV,2022,SE_GC_TCAQ,33.33,PERCENT
WS,2020,SE_ACS_H2O,99.42,PERCENT
WS,2021,SE_ACS_H2O,100.0,PERCENT
WS,2022,SE_ACS_H2O,100.0,PERCENT
CK,2017,SE_TOT_GPI,94.0,INDEX
MH,2019,SE_GC_TCAQ,48.43,PERCENT
MH,2020,SE_GC_TCAQ,46.92,PERCENT
MH,2022,SE_GC_TCAQ,68.37,PERCENT
MH,2019,SE_ACS_ELECT,100.0,PERCENT
TO,2014,SE_GC_TCAQ,100.0,INDEX
CK,2016,SE_ACS_CMPTR,100.0,PERCENT
FJ,2021,SE_ACS_H2O,88.1,PERCENT
FJ,2022,SE_ACS_H2O,100.0,PERCENT
SB,2012,SE_GPI_TCAQ,84.0,INDEX
SB,2013,SE_GPI_TCAQ,120.0,INDEX
SB,2014,SE_GPI_TCAQ,103.0,INDEX
FM,2016,SE_GC_TCAQ,99.3,PERCENT
NU,2019,SE_ACS_INTNT,100.0,PERCENT
TO,2022,SE_GC_TCAQ,62.38,PERCENT
FJ,2018,SPC_4_6_1,99.08,PERCENT
VU,2019,SE_PRE_PARTN,94.62,PERCENT
VU,2020,SE_PRE_PARTN,96.18,PERCENT
VU,2021,SE_PRE_PARTN,86.06,PERCENT
VU,2022,SE_PRE_PARTN,80.37,PERCENT
MH,2018,SE_TOT_GPI,114.0,INDEX
NU,2015,SE_TOT_PRFL,80.0,PERCENT
NR,2007,SE_GC_TCAQ,0.0,INDEX
SB,2013,SE_PRE_PARTN,60.6,PERCENT
SB,2014,SE_PRE_PARTN,63.8,PERCENT
SB,2015,SE_PRE_PARTN,63.8,PERCENT
SB,2018,SE_PRE_PARTN,60.1,PERCENT
SB,2019,SE_PRE_PARTN,67.02,PERCENT
PG,2018,SE_TOT_PRFL,38.0,PERCENT
VU,2015,SE_TOT_PRFL,50.0,PERCENT
VU,2018,SE_TOT_PRFL,59.0,PERCENT
KI,2018,SE_TOT_PRFL,18.9,PERCENT
SB,2016,SE_ACS_H2O,14.5,PERCENT
SB,2018,SE_ACS_H2O,10.5,PERCENT
PW,2020,SE_ACS_DISAB,84.21,PERCENT
PW,2021,SE_ACS_DISAB,100.0,PERCENT
PF,2014,SE_TOT_GPI,109.3,INDEX
TK,2016,SE_GC_TCAQ,75.0,PERCENT
TK,2019,SE_ACS_CMPTR,100.0,PERCENT
TK,2020,SE_ACS_CMPTR,100.0,PERCENT
TK,2021,SE_ACS_CMPTR,100.0,PERCENT
FJ,2015,SE_PRE_PARTN,98.0,PERCENT
FJ,2019,SE_PRE_PARTN,99.4,PERCENT
FJ,2020,SE_PRE_PARTN,97.34,PERCENT
FJ,2021,SE_PRE_PARTN,86.15,PERCENT
FJ,2022,SE_PRE_PARTN,86.77,PERCENT
TV,2018,SE_TOT_GPI,121.0,INDEX
KI,2018,SE_PRE_PARTN,97.3,PERCENT
KI,2020,SE_PRE_PARTN,100.0,PERCENT
PG,2010,SPC_4_6_1,78.8,PERCENT
VU,2015,SE_GC_TCAQ,50.9,INDEX
NU,2017,SE_GPI_TCAQ,92.0,INDEX
NU,2018,SE_GPI_TCAQ,92.0,INDEX
KI,2020,SE_GC_TCAQ,93.62,PERCENT
TO,2014,SE_PRE_PARTN,99.0,PERCENT
TO,2019,SE_PRE_PARTN,96.7,PERCENT
TO,2020,SE_PRE_PARTN,94.59,PERCENT
TO,2021,SE_PRE_PARTN,81.6,PERCENT
TO,2022,SE_PRE_PARTN,82.57,PERCENT
WS,2019,SE_PRE_PARTN,77.0,PERCENT
NU,2015,SE_PRE_PARTN,63.4,PERCENT
NU,2017,SE_PRE_PARTN,97.4,PERCENT
NU,2019,SE_PRE_PARTN,81.0,PERCENT
NU,2020,SE_PRE_PARTN,80.25,PERCENT
NU,2022,SE_PRE_PARTN,97.4,PERCENT
TV,2015,SE_TOT_PRFL,84.0,PERCENT
TV,2018,SE_TOT_PRFL,76.0,PERCENT
CK,2019,SE_ACS_CMPTR,100.0,PERCENT
PW,2015,SE_TOT_PRFL,94.0,PERCENT
PW,2018,SE_TOT_PRFL,98.0,PERCENT
SB,2010,SE_GC_TCAQ,58.0,PERCENT
SB,2011,SE_GC_TCAQ,53.5,PERCENT
SB,2012,SE_GC_TCAQ,54.3,PERCENT
SB,2013,SE_GC_TCAQ,63.3,PERCENT
SB,2014,SE_GC_TCAQ,64.6,PERCENT
SB,2016,SE_GC_TCAQ,65.58,PERCENT
SB,2017,SE_GC_TCAQ,74.15,PERCENT
SB,2018,SE_GC_TCAQ,76.07,PERCENT
SB,2019,SE_GC_TCAQ,82.36,PERCENT
WS,2015,SE_TOT_PRFL,32.0,PERCENT
WS,2018,SE_TOT_PRFL,75.0,PERCENT
CK,2019,SE_GC_TCAQ,0.0,PERCENT
CK,2020,SE_GC_TCAQ,0.0,PERCENT
CK,2021,SE_GC_TCAQ,0.0,PERCENT
CK,2022,SE_GC_TCAQ,0.0,PERCENT
NR,2014,SE_TOT_PRFL,29.9,PERCENT
VU,2019,SE_GC_TCAQ,60.44,PERCENT
CK,2015,SE_TOT_PRFL,56.0,PERCENT
CK,2018,SE_TOT_PRFL,50.0,PERCENT
NU,2019,SE_ACS_SANIT,100.0,PERCENT
TO,2018,SE_TOT_GPI,136.0,INDEX
WS,2017,SE_TOT_PRFL,44.0,PERCENT
FM,2021,SE_ACS_DISAB,30.2,PERCENT
FM,2022,SE_ACS_DISAB,30.2,PERCENT
FJ,2018,SE_TOT_PRFL,86.0,PERCENT
TV,2019,SE_ACS_ELECT,100.0,PERCENT
TK,2015,SE_TOT_PRFL,87.0,PERCENT
TK,2018,SE_TOT_PRFL,84.0,PERCENT
SB,2015,SE_GC_TCAQ,59.2,INDEX
CK,2019,SE_ACS_H2O,100.0,PERCENT
FJ,2015,SE_TOT_PRFL,37.1,PERCENT
PG,2016,SE_PRE_PARTN,71.8,PERCENT
PG,2018,SE_PRE_PARTN,66.07,PERCENT
PG,2018,SE_TOT_PRFL,83.0,PERCENT
TO,2018,SPC_4_6_1,99.54,PERCENT
FM,2018,SE_GC_TCAQ,26.67,PERCENT
FM,2019,SE_GC_TCAQ,26.05,PERCENT
FM,2020,SE_GC_TCAQ,25.37,PERCENT
FM,2021,SE_GC_TCAQ,14.02,PERCENT
WS,2018,SPC_4_6_1,98.84,PERCENT
SB,2010,SE_GC_TCAQ,70.4,PERCENT
SB,2015,SE_GC_TCAQ,60.8,PERCENT
FJ,2018,SE_TOT_PRFL,64.0,PERCENT
SB,2016,SE_TOT_GPI,102.0,INDEX
VU,2019,SE_GPI_TCAQ,126.0,INDEX
TV,2019,SE_ACS_SANIT,18.2,PERCENT
KI,2018,SE_TOT_GPI,154.0,INDEX
MH,2015,SE_TOT_PRFL,81.0,PERCENT
MH,2018,SE_TOT_PRFL,87.0,PERCENT
NR,2019,SE_ACS_H2O,100.0,PERCENT
TV,2019,SE_PRE_PARTN,76.0,PERCENT
FJ,2018,SE_TOT_PRFL,63.0,PERCENT
FJ,2015,SE_TOT_GPI,114.0,INDEX
MH,2020,SE_GC_TCAQ,55.94,PERCENT
MH,2022,SE_GC_TCAQ,74.69,PERCENT
TV,2019,SE_ACS_CMPTR,50.0,PERCENT
VU,2018,SE_GC_TCAQ,65.24,PERCENT
PW,2020,SE_ACS_ELECT,84.21,PERCENT
PW,2021,SE_ACS_ELECT,100.0,PERCENT
CK,2012,SE_TOT_PRFL,42.0,PERCENT
CK,2015,SE_TOT_PRFL,46.0,PERCENT
CK,2018,SE_TOT_PRFL,72.0,PERCENT
CK,2021,SE_TOT_PRFL,76.0,PERCENT
TO,2015,SE_TOT_PRFL,75.0,PERCENT
TO,2018,SE_TOT_PRFL,78.0,PERCENT
KI,2020,SE_GC_TCAQ,90.48,PERCENT
WS,2020,SE_GC_TCAQ,58.4,PERCENT
NR,2018,SE_TOT_PRFL,54.0,PERCENT
VU,2015,SE_TOT_PRFL,32.0,PERCENT
VU,2018,SE_TOT_PRFL,33.0,PERCENT
TV,2019,SE_PRE_PARTN,79.0,PERCENT
TO,2018,SE_TOT_GPI,107.0,INDEX
FJ,2018,SE_TOT_PRFL,75.0,PERCENT
WS,2019,SE_TOT_PRFL,23.0,PERCENT
TK,2020,SE_GPI_TCAQ,62.0,INDEX
FJ,2021,SPC_4_6_1,95.5,PERCENT
SB,2018,SE_TOT_GPI,111.0,INDEX
WS,2019,SE_PRE_PARTN,54.0,PERCENT
TV,2012,SE_TOT_PRFL,27.0,PERCENT
TV,2015,SE_TOT_PRFL,22.0,PERCENT
TV,2018,SE_TOT_PRFL,32.0,PERCENT
CK,2017,SE_TOT_GPI,102.0,INDEX
CK,2016,SE_ACS_DISAB,4.17,PERCENT
CK,2021,SE_ACS_DISAB,66.7,PERCENT
CK,2022,SE_ACS_DISAB,66.7,PERCENT
TO,2019,SE_TOT_PRFL,52.4,PERCENT
FM,2015,SE_TOT_PRFL,72.0,PERCENT
SB,2015,SE_ACS_INTNT,0.0,PERCENT
SB,2018,SE_ACS_INTNT,0.0,PERCENT
TK,2020,SE_ACC_HNDWSH,100.0,PERCENT
TK,2021,SE_ACC_HNDWSH,100.0,PERCENT
MH,2019,SE_ACC_HNDWSH,76.5,PERCENT
TO,2020,SE_ACS_ELECT,96.36,PERCENT
TO,2021,SE_ACS_ELECT,88.4,PERCENT
TO,2022,SE_ACS_ELECT,86.4,PERCENT
NR,2016,SE_ACS_SANIT,100.0,PERCENT
NR,2019,SE_ACS_SANIT,100.0,PERCENT
PW,2020,SE_ACS_CMPTR,84.21,PERCENT
PW,2021,SE_ACS_CMPTR,100.0,PERCENT
FM,2015,SE_TOT_PRFL,24.0,PERCENT
FM,2018,SE_TOT_PRFL,47.0,PERCENT
SB,2015,SE_GPI_TCAQ,112.0,INDEX
TV,2016,SE_ACC_HNDWSH,78.0,PERCENT
TV,2014,SE_GC_TCAQ,74.6,PERCENT
TV,2016,SE_GC_TCAQ,87.9,PERCENT
TV,2018,SE_GC_TCAQ,91.2,PERCENT
FJ,2021,SPC_4_6_1,93.1,PERCENT
PG,2018,SE_TOT_PRFL,41.0,PERCENT
FM,2015,SE_PRE_PARTN,79.73,PERCENT
FM,2016,SE_PRE_PARTN,70.5,PERCENT
FM,2019,SE_PRE_PARTN,72.25,PERCENT
FM,2020,SE_PRE_PARTN,56.8,PERCENT
FM,2021,SE_PRE_PARTN,58.63,PERCENT
FM,2022,SE_PRE_PARTN,56.4,PERCENT
FJ,2011,SE_GC_TCAQ,100.0,PERCENT
FJ,2019,SE_GC_TCAQ,92.27,PERCENT
FJ,2020,SE_GC_TCAQ,87.55,PERCENT
FJ,2021,SE_GC_TCAQ,94.21,PERCENT
FJ,2022,SE_GC_TCAQ,92.36,PERCENT
CK,2018,SE_TOT_GPI,110.0,INDEX
VU,2016,SE_GC_TCAQ,92.07,PERCENT
VU,2017,SE_GC_TCAQ,80.14,PERCENT
NR,2014,SE_TOT_PRFL,50.0,PERCENT
SB,2014,SE_GPI_PTNPRE,104.0,INDEX
SB,2015,SE_GPI_PTNPRE,101.0,INDEX
SB,2016,SE_GPI_PTNPRE,101.0,INDEX
SB,2019,SE_GPI_PTNPRE,104.0,INDEX
TV,2019,SE_PRE_PARTN,78.0,PERCENT
NR,2012,SE_PRE_PARTN,76.0,PERCENT
NR,2014,SE_PRE_PARTN,82.3,PERCENT
NR,2016,SE_PRE_PARTN,84.3,PERCENT
NR,2019,SE_PRE_PARTN,100.0,PERCENT
NR,2020,SE_PRE_PARTN,80.47,PERCENT
SB,2016,SE_GC_TCAQ,86.16,PERCENT
SB,2017,SE_GC_TCAQ,87.19,PERCENT
SB,2018,SE_GC_TCAQ,88.72,PERCENT
FJ,2019,SE_GPI_TCAQ,98.0,INDEX
KI,2020,SE_ACS_ELECT,100.0,PERCENT
PW,2020,SE_ACS_H2O,84.21,PERCENT
PW,2021,SE_ACS_H2O,100.0,PERCENT
VU,2015,SE_TOT_GPI,97.0,INDEX
WS,2016,SE_ACS_DISAB,43.9,PERCENT
WS,2017,SE_ACS_DISAB,43.9,PERCENT
NU,2015,SE_GPI_TCAQ,100.0,INDEX
FJ,2020,SE_GC_TCAQ,93.55,PERCENT
FJ,2021,SE_GC_TCAQ,94.93,PERCENT
FJ,2022,SE_GC_TCAQ,87.52,PERCENT
MH,2016,SE_ACS_CMPTR,22.3,PERCENT
VU,2016,SE_GPI_TCAQ,96.0,INDEX
VU,2017,SE_GPI_TCAQ,97.0,INDEX
VU,2011,SE_TOT_PRFL,5.2,PERCENT
VU,2012,SE_TOT_PRFL,25.3,PERCENT
CK,2016,SE_ACS_SANIT,100.0,PERCENT
FJ,2021,SE_GC_TCAQ,100.0,PERCENT
KI,2015,SE_TOT_PRFL,46.0,PERCENT
KI,2018,SE_TOT_PRFL,41.0,PERCENT
SB,2012,SE_TOT_PRFL,50.0,PERCENT
SB,2015,SE_TOT_PRFL,50.0,PERCENT
SB,2018,SE_TOT_PRFL,54.0,PERCENT
TO,2020,SE_ACS_H2O,98.47,PERCENT
TO,2021,SE_ACS_H2O,95.4,PERCENT
TO,2022,SE_ACS_H2O,96.2,PERCENT
VU,2018,SE_TOT_GPI,138.0,INDEX
SB,2013,SE_PRE_PARTN,58.5,PERCENT
SB,2014,SE_PRE_PARTN,60.6,PERCENT
SB,2015,SE_PRE_PARTN,63.3,PERCENT
SB,2018,SE_PRE_PARTN,57.4,PERCENT
SB,2019,SE_PRE_PARTN,64.34,PERCENT
WS,2018,SE_TOT_GPI,150.0,INDEX
VU,2012,SE_TOT_PRFL,23.0,PERCENT
VU,2015,SE_TOT_PRFL,27.0,PERCENT
VU,2018,SE_TOT_PRFL,28.0,PERCENT
TK,2019,SE_GC_TCAQ,33.3,PERCENT
TK,2020,SE_GC_TCAQ,33.33,PERCENT
TK,2021,SE_GC_TCAQ,33.33,PERCENT
SB,2015,SE_TOT_PRFL,91.0,PERCENT
TV,2019,SE_ACS_ELECT,18.2,PERCENT
TV,2020,SE_ACS_ELECT,100.0,PERCENT
TV,2021,SE_ACS_ELECT,91.7,PERCENT
TV,2022,SE_ACS_ELECT,91.7,PERCENT
FM,2018,SE_TOT_GPI,106.0,INDEX
NU,2015,SE_TOT_PRFL,61.0,PERCENT
NU,2018,SE_TOT_PRFL,85.0,PERCENT
MH,2015,SE_TOT_PRFL,64.0,PERCENT
MH,2018,SE_TOT_PRFL,70.0,PERCENT
MH,2019,SE_ACS_H2O,58.8,PERCENT
NR,2023,SE_TOT_ICTS,18.1,PERCENT
VU,2018,SPC_4_6_1,96.6,PERCENT
PW,2018,SE_TOT_GPI,96.0,INDEX
NR,2017,SE_GPI_TCAQ,100.0,INDEX
NR,2018,SE_GPI_TCAQ,100.0,INDEX
SB,2015,SE_TOT_PRFL,96.0,PERCENT
CK,2018,SE_ACS_H2O,100.0,PERCENT
CK,2020,SE_ACS_H2O,100.0,PERCENT
CK,2021,SE_ACS_H2O,100.0,PERCENT
CK,2022,SE_ACS_H2O,100.0,PERCENT
CK,2023,SE_ACS_H2O,100.0,PERCENT
WS,2014,SE_GPI_TCAQ,100.0,INDEX
CK,2015,SE_TOT_PRFL,64.0,PERCENT
CK,2018,SE_TOT_PRFL,63.0,PERCENT
TK,2015,SE_TOT_PRFL,23.0,PERCENT
TK,2018,SE_TOT_PRFL,50.0,PERCENT
FM,2012,SE_TOT_PRFL,41.0,PERCENT
FM,2015,SE_TOT_PRFL,47.0,PERCENT
FM,2018,SE_TOT_PRFL,71.0,PERCENT
FM,2021,SE_TOT_PRFL,48.0,PERCENT
FM,2021,SE_ACS_DISAB,34.3,PERCENT
FM,2022,SE_ACS_DISAB,34.3,PERCENT
TO,2014,SE_TOT_GPI,100.0,INDEX
NU,2012,SE_TOT_PRFL,54.0,PERCENT
NU,2015,SE_TOT_PRFL,49.0,PERCENT
NU,2018,SE_TOT_PRFL,50.0,PERCENT
TK,2019,SE_GC_TCAQ,7.7,PERCENT
TK,2020,SE_GC_TCAQ,46.15,PERCENT
TK,2021,SE_GC_TCAQ,7.69,PERCENT
VU,2015,SE_ACS_SANIT,22.9,PERCENT
KI,2018,SE_TOT_PRFL,40.5,PERCENT
PW,2012,SE_TOT_PRFL,100.0,PERCENT
TO,2015,SE_TOT_PRFL,87.0,PERCENT
TO,2018,SE_TOT_PRFL,95.0,PERCENT
TV,2016,SE_GPI_TCAQ,116.0,INDEX
TV,2012,SE_TOT_PRFL,72.0,PERCENT
TV,2015,SE_TOT_PRFL,78.0,PERCENT
WS,2019,SE_PRE_PARTN,59.0,PERCENT
SB,2015,SE_GC_TCAQ,58.9,INDEX
TV,2015,SE_TOT_PRFL,58.0,PERCENT
PW,2015,SE_TOT_PRFL,83.0,PERCENT
SB,2016,SE_ACS_H2O,23.9,PERCENT
SB,2018,SE_ACS_H2O,15.3,PERCENT
SB,2019,SE_ACS_H2O,61.9,PERCENT
SB,2015,SE_ACS_INTNT,15.0,PERCENT
SB,2016,SE_ACS_INTNT,15.2,PERCENT
SB,2018,SE_ACS_INTNT,15.0,PERCENT
PF,2020,SE_ACS_INTNT,94.0,PERCENT
NR,2018,SE_TOT_GPI,123.0,INDEX
TO,2020,SE_ACC_HNDWSH,86.26,PERCENT
TO,2021,SE_ACC_HNDWSH,79.4,PERCENT
TO,2022,SE_ACC_HNDWSH,80.0,PERCENT
VU,2015,SE_GC_TCAQ,21.5,PERCENT
TO,2013,SE_GC_TCAQ,68.1,PERCENT
TO,2014,SE_GC_TCAQ,59.2,PERCENT
TO,2015,SE_GC_TCAQ,58.4,PERCENT
FM,2018,SE_GC_TCAQ,28.57,PERCENT
FM,2019,SE_GC_TCAQ,27.96,PERCENT
FM,2020,SE_GC_TCAQ,27.1,PERCENT
FM,2021,SE_GC_TCAQ,16.41,PERCENT
NR,2019,SE_ACC_HNDWSH,80.0,PERCENT
NR,2020,SE_ACC_HNDWSH,100.0,PERCENT
TV,2015,SE_TOT_PRFL,23.0,PERCENT
TV,2018,SE_TOT_PRFL,28.0,PERCENT
FJ,2020,SE_GC_TCAQ,93.62,PERCENT
FJ,2021,SE_GC_TCAQ,95.02,PERCENT
FJ,2022,SE_GC_TCAQ,87.53,PERCENT
WS,2017,SE_GC_TCAQ,68.0,INDEX
SB,2015,SE_GPI_TCAQ,101.0,INDEX
FM,2015,SE_GC_TCAQ,86.0,PERCENT
KI,2020,SE_GC_TCAQ,100.0,PERCENT
FJ,2021,SE_TOT_PRFL,48.7,PERCENT
SB,2010,SE_GC_TCAQ,70.9,PERCENT
SB,2015,SE_GC_TCAQ,79.8,PERCENT
SB,2016,SE_GC_TCAQ,80.25,PERCENT
SB,2017,SE_GC_TCAQ,85.76,PERCENT
SB,2019,SE_GC_TCAQ,94.2,PERCENT
MH,2016,SE_TOT_GPI,102.0,INDEX
KI,2013,SE_TOT_PRFL,22.0,PERCENT
NR,2020,SE_ACS_H2O,100.0,PERCENT
NR,2022,SE_ACS_H2O,100.0,PERCENT
KI,2015,SE_TOT_PRFL,64.0,PERCENT
KI,2018,SE_TOT_PRFL,78.0,PERCENT
TV,2019,SE_TOT_PRFL,33.0,PERCENT
NR,2018,SE_TOT_PRFL,63.0,PERCENT
NR,2021,SE_TOT_PRFL,50.0,PERCENT
FM,2015,SE_PRE_PARTN,76.4,PERCENT
FM,2016,SE_PRE_PARTN,67.3,PERCENT
FM,2019,SE_PRE_PARTN,73.25,PERCENT
FM,2020,SE_PRE_PARTN,58.73,PERCENT
FM,2021,SE_PRE_PARTN,60.34,PERCENT
FM,2022,SE_PRE_PARTN,58.43,PERCENT
FJ,2018,SE_TOT_PRFL,74.0,PERCENT
FJ,2021,SE_TOT_PRFL,71.0,PERCENT
PG,2018,SE_TOT_PRFL,34.0,PERCENT
TV,2016,SE_GC_TCAQ,28.3,PERCENT
TV,2018,SE_GC_TCAQ,63.64,PERCENT
TV,2022,SE_GC_TCAQ,17.95,PERCENT
CK,2015,SE_GC_TCAQ,100.0,PERCENT
CK,2016,SE_ACS_H2O,100.0,PERCENT
WS,2017,SE_TOT_GPI,119.0,INDEX
TO,2014,SE_GPI_TCAQ,100.0,INDEX
TO,2016,SE_GPI_TCAQ,96.0,INDEX
TO,2018,SE_GPI_TCAQ,98.0,INDEX
TO,2019,SE_GPI_TCAQ,98.0,INDEX
TO,2020,SE_GPI_TCAQ,97.0,INDEX
NR,2018,SE_TOT_GPI,114.0,INDEX
CK,2016,SE_ACS_DISAB,4.55,PERCENT
CK,2021,SE_ACS_DISAB,63.6,PERCENT
CK,2022,SE_ACS_DISAB,63.6,PERCENT
FM,2018,SE_GC_TCAQ,33.55,PERCENT
FM,2019,SE_GC_TCAQ,30.95,PERCENT
FM,2020,SE_GC_TCAQ,28.13,PERCENT
FM,2021,SE_GC_TCAQ,31.09,PERCENT
PW,2016,SE_GPI_PTNPRE,80.0,INDEX
PW,2020,SE_GPI_PTNPRE,125.0,INDEX
CK,2015,SE_GC_TCAQ,83.9,PERCENT
WS,2020,SE_GC_TCAQ,54.71,PERCENT
FM,2018,SE_GC_TCAQ,31.7,PERCENT
FM,2019,SE_GC_TCAQ,28.32,PERCENT
FM,2020,SE_GC_TCAQ,25.0,PERCENT
FM,2021,SE_GC_TCAQ,28.79,PERCENT
NU,2016,SE_ACC_HNDWSH,100.0,PERCENT
PF,2020,SE_ACS_CMPTR,100.0,PERCENT
TV,2016,SE_GC_TCAQ,39.3,PERCENT
TV,2018,SE_GC_TCAQ,60.71,PERCENT
TV,2022,SE_GC_TCAQ,35.09,PERCENT
MH,2019,SE_ACS_SANIT,94.1,PERCENT
WS,2019,SE_ACS_INTNT,100.0,PERCENT
NR,2014,SE_TOT_PRFL,53.3,PERCENT
VU,2011,SE_TOT_PRFL,37.2,PERCENT
VU,2012,SE_TOT_PRFL,36.8,PERCENT
KI,2013,SE_TOT_PRFL,24.0,PERCENT
FM,2018,SE_GC_TCAQ,28.72,PERCENT
FM,2019,SE_GC_TCAQ,28.91,PERCENT
FM,2020,SE_GC_TCAQ,25.35,PERCENT
FM,2021,SE_GC_TCAQ,31.86,PERCENT
TV,2019,SE_ACS_CMPTR,91.1,PERCENT
FJ,2018,SE_TOT_PRFL,66.0,PERCENT
TV,2016,SE_GC_TCAQ,100.0,INDEX
FJ,2018,SE_TOT_PRFL,87.0,PERCENT
MH,2019,SE_ACS_INTNT,29.8,PERCENT
MH,2019,SE_GC_TCAQ,48.58,PERCENT
MH,2020,SE_GC_TCAQ,49.8,PERCENT
MH,2022,SE_GC_TCAQ,69.67,PERCENT
VU,2015,SE_TOT_PRFL,90.0,PERCENT
VU,2018,SE_TOT_PRFL,83.0,PERCENT
NU,2015,SE_PRE_PARTN,29.3,PERCENT
NU,2019,SE_PRE_PARTN,100.0,PERCENT
NU,2020,SE_PRE_PARTN,100.0,PERCENT
TV,2018,SE_GC_TCAQ,0.0,PERCENT
TV,2019,SE_GC_TCAQ,0.0,PERCENT
TV,2021,SE_GC_TCAQ,0.0,PERCENT
TV,2022,SE_GC_TCAQ,0.0,PERCENT
TO,2014,SE_GC_TCAQ,97.1,PERCENT
TO,2015,SE_GC_TCAQ,92.5,PERCENT
TO,2018,SE_GC_TCAQ,94.88,PERCENT
TO,2019,SE_GC_TCAQ,92.86,PERCENT
TO,2020,SE_GC_TCAQ,94.09,PERCENT
TO,2021,SE_GC_TCAQ,97.53,PERCENT
TO,2022,SE_GC_TCAQ,96.91,PERCENT
NR,2014,SE_TOT_GPI,94.0,INDEX
PF,2020,SE_ACC_HNDWSH,100.0,PERCENT
TV,2016,SE_ACS_SANIT,82.0,PERCENT
VU,2023,SE_TOT_ICTS,20.6,PERCENT
PF,2012,SE_TOT_GPI,99.0,INDEX
WS,2018,SPC_4_6_1,99.12,PERCENT
TV,2015,SE_TOT_PRFL,72.0,PERCENT
TV,2018,SE_TOT_PRFL,62.0,PERCENT
FM,2017,SE_GPI_TCAQ,3.0,INDEX
FM,2018,SE_GPI_TCAQ,3.0,INDEX
CK,2015,SE_TOT_PRFL,54.0,PERCENT
CK,2018,SE_TOT_PRFL,75.0,PERCENT
NR,2007,SE_GC_TCAQ,74.2,INDEX
FM,2021,SE_ACS_DISAB,31.5,PERCENT
FM,2022,SE_ACS_DISAB,31.5,PERCENT
FM,2015,SE_TOT_PRFL,35.0,PERCENT
FM,2018,SE_TOT_PRFL,61.0,PERCENT
SB,2015,SE_ACS_H2O,47.0,PERCENT
TK,2020,SE_GC_TCAQ,50.0,PERCENT
TK,2021,SE_GC_TCAQ,50.0,PERCENT
NR,2018,SE_TOT_PRFL,67.0,PERCENT
WS,2018,SPC_4_6_1,99.1,PERCENT
MH,2020,SE_GC_TCAQ,55.39,PERCENT
MH,2022,SE_GC_TCAQ,73.69,PERCENT
NU,2018,SE_TOT_GPI,177.0,INDEX
FM,2015,SE_PRE_PARTN,72.85,PERCENT
FM,2016,SE_PRE_PARTN,63.9,PERCENT
FM,2019,SE_PRE_PARTN,74.33,PERCENT
FM,2020,SE_PRE_PARTN,60.78,PERCENT
FM,2021,SE_PRE_PARTN,62.16,PERCENT
FM,2022,SE_PRE_PARTN,60.6,PERCENT
MH,2016,SE_ACC_HNDWSH,36.2,PERCENT
VU,2016,SE_GC_TCAQ,96.07,PERCENT
VU,2017,SE_GC_TCAQ,82.59,PERCENT
PW,2016,SE_GC_TCAQ,43.0,INDEX
TO,2020,SE_ACS_CMPTR,44.27,PERCENT
TO,2021,SE_ACS_CMPTR,56.5,PERCENT
TO,2022,SE_ACS_CMPTR,46.9,PERCENT
TO,2015,SE_TOT_PRFL,42.0,PERCENT
TO,2018,SE_TOT_PRFL,53.0,PERCENT
MH,2016,SE_ACS_ELECT,54.3,PERCENT
CK,2018,SE_TOT_GPI,118.0,INDEX
FM,2018,SE_GC_TCAQ,20.69,PERCENT
FM,2019,SE_GC_TCAQ,19.23,PERCENT
FM,2020,SE_GC_TCAQ,18.52,PERCENT
FM,2021,SE_GC_TCAQ,5.56,PERCENT
TV,2019,SE_ACC_HNDWSH,100.0,PERCENT
PW,2018,SE_TOT_GPI,108.0,INDEX
TO,2018,SPC_4_6_1,99.41,PERCENT
FM,2018,SE_TOT_GPI,114.0,INDEX
WS,2017,SE_TOT_PRFL,23.9,PERCENT
CK,2012,SE_TOT_PRFL,76.0,PERCENT
CK,2015,SE_TOT_PRFL,60.0,PERCENT
CK,2018,SE_TOT_PRFL,57.0,PERCENT
PG,2017,SE_GPI_PTNPRE,99.0,INDEX
PG,2018,SE_GPI_PTNPRE,99.0,INDEX
FJ,2018,SE_TOT_PRFL,81.0,PERCENT
CK,2014,SE_GPI_TCAQ,100.0,INDEX
KI,2015,SE_TOT_PRFL,78.0,PERCENT
KI,2018,SE_TOT_PRFL,88.0,PERCENT
CK,2012,SE_TOT_PRFL,78.0,PERCENT
CK,2015,SE_TOT_PRFL,76.0,PERCENT
CK,2018,SE_TOT_PRFL,69.0,PERCENT
TV,2019,SE_ACS_H2O,9.1,PERCENT
TV,2021,SE_ACS_H2O,75.0,PERCENT
TV,2022,SE_ACS_H2O,75.0,PERCENT
WS,2015,SE_TOT_PRFL,54.0,PERCENT
WS,2018,SE_TOT_PRFL,85.0,PERCENT
TK,2016,SE_PRE_PARTN,89.66,PERCENT
TK,2019,SE_PRE_PARTN,90.0,PERCENT
TK,2020,SE_PRE_PARTN,96.88,PERCENT
TK,2021,SE_PRE_PARTN,75.76,PERCENT
CK,2021,SE_GC_TCAQ,90.0,PERCENT
TV,2016,SE_GC_TCAQ,52.4,PERCENT
TV,2018,SE_GC_TCAQ,67.11,PERCENT
TV,2022,SE_GC_TCAQ,29.13,PERCENT
MH,2015,SE_TOT_PRFL,55.0,PERCENT
MH,2018,SE_TOT_PRFL,58.0,PERCENT
KI,2013,SE_TOT_PRFL,35.0,PERCENT
FM,2018,SE_TOT_GPI,130.0,INDEX
NU,2015,SE_TOT_PRFL,58.0,PERCENT
NU,2018,SE_TOT_PRFL,48.0,PERCENT
KI,2013,SE_TOT_PRFL,27.0,PERCENT
NC,2018,SE_ACS_H2O,100.0,PERCENT
VU,2015,SE_TOT_PRFL,80.0,PERCENT
VU,2018,SE_TOT_PRFL,81.0,PERCENT
TK,2012,SE_TOT_PRFL,62.0,PERCENT
TK,2015,SE_TOT_PRFL,83.0,PERCENT
TK,2018,SE_TOT_PRFL,73.0,PERCENT
VU,2015,SE_GC_TCAQ,21.1,PERCENT
TV,2016,SE_GC_TCAQ,53.2,PERCENT
TV,2018,SE_GC_TCAQ,65.85,PERCENT
TV,2022,SE_GC_TCAQ,30.86,PERCENT
TO,2018,SPC_4_6_1,99.35,PERCENT
FJ,2015,SE_TOT_PRFL,39.2,PERCENT
FM,2015,SE_TOT_PRFL,70.0,PERCENT
FM,2018,SE_TOT_PRFL,85.0,PERCENT
WS,2020,SE_GC_TCAQ,49.77,PERCENT
FJ,2018,SPC_4_6_1,99.68,PERCENT
SB,2016,SE_TOT_GPI,101.0,INDEX
NR,2022,SE_GC_TCAQ,57.14,PERCENT
MH,2018,SE_TOT_GPI,106.0,INDEX
TV,2016,SE_GC_TCAQ,72.0,INDEX
NU,2020,SE_ACS_CMPTR,100.0,PERCENT
NU,2021,SE_ACS_CMPTR,100.0,PERCENT
PW,2018,SE_TOT_GPI,122.0,INDEX
WS,2015,SE_TOT_PRFL,81.0,PERCENT
WS,2018,SE_TOT_PRFL,78.0,PERCENT
FM,2018,SE_GC_TCAQ,39.09,PERCENT
FM,2019,SE_GC_TCAQ,36.56,PERCENT
FM,2020,SE_GC_TCAQ,39.78,PERCENT
FM,2021,SE_GC_TCAQ,28.62,PERCENT
TO,2013,SE_GC_TCAQ,61.1,PERCENT
TO,2014,SE_GC_TCAQ,54.9,PERCENT
TO,2015,SE_GC_TCAQ,59.0,PERCENT
NU,2012,SE_TOT_PRFL,85.0,PERCENT
NU,2015,SE_TOT_PRFL,75.0,PERCENT
NU,2018,SE_TOT_PRFL,65.0,PERCENT
NR,2018,SE_TOT_PRFL,38.0,PERCENT
SB,2015,SE_TOT_PRFL,84.0,PERCENT
FJ,2021,SE_TOT_PRFL,44.8,PERCENT
MH,2022,SE_ACS_DISAB,40.9,PERCENT
KI,2020,SE_GC_TCAQ,93.59,PERCENT
NC,2013,SPC_4_6_1,76.0,PERCENT
FM,2018,SE_GC_TCAQ,39.95,PERCENT
FM,2019,SE_GC_TCAQ,36.23,PERCENT
FM,2020,SE_GC_TCAQ,34.29,PERCENT
FM,2021,SE_GC_TCAQ,27.0,PERCENT
SB,2018,SE_TOT_GPI,122.0,INDEX
VU,2015,SE_ACS_SANIT,28.7,PERCENT
MH,2020,SE_GC_TCAQ,71.43,PERCENT
MH,2021,SE_GC_TCAQ,87.54,PERCENT
MH,2022,SE_GC_TCAQ,79.14,PERCENT
VU,2015,SE_ACS_CMPTR,56.2,PERCENT
FJ,2019,SE_PRE_PARTN,98.8,PERCENT
FJ,2020,SE_PRE_PARTN,81.0,PERCENT
FJ,2021,SE_PRE_PARTN,85.15,PERCENT
FJ,2022,SE_PRE_PARTN,92.37,PERCENT
NR,2018,SE_TOT_PRFL,45.0,PERCENT
FM,2018,SE_TOT_GPI,102.0,INDEX
SB,2016,SE_ACS_CMPTR,13.3,PERCENT
SB,2018,SE_ACS_CMPTR,7.3,PERCENT
NR,2016,SE_ACS_DISAB,100.0,PERCENT
TV,2012,SE_TOT_PRFL,43.0,PERCENT
TV,2015,SE_TOT_PRFL,71.0,PERCENT
TV,2018,SE_TOT_PRFL,83.0,PERCENT
TV,2021,SE_TOT_PRFL,69.0,PERCENT
PG,2018,SE_TOT_GPI,98.0,INDEX
KI,2014,SE_GC_TCAQ,79.3,INDEX
TK,2019,SE_GC_TCAQ,23.81,PERCENT
TK,2020,SE_GC_TCAQ,47.62,PERCENT
TK,2021,SE_GC_TCAQ,23.81,PERCENT
MH,2020,SE_GPI_TCAQ,98.0,INDEX
VU,2012,SE_TOT_PRFL,42.0,PERCENT
VU,2015,SE_TOT_PRFL,56.0,PERCENT
VU,2018,SE_TOT_PRFL,66.0,PERCENT
VU,2021,SE_TOT_PRFL,50.0,PERCENT
TO,2013,SE_GC_TCAQ,65.1,PERCENT
TO,2014,SE_GC_TCAQ,57.4,PERCENT
TO,2015,SE_GC_TCAQ,58.7,PERCENT
PG,2018,SE_TOT_PRFL,85.0,PERCENT
PG,2016,SE_ACC_HNDWSH,10.0,PERCENT
TO,2018,SE_TOT_GPI,164.0,INDEX
WS,2018,SE_TOT_GPI,127.0,INDEX
NU,2016,SE_ACS_ELECT,100.0,PERCENT
WS,2015,SE_TOT_PRFL,36.0,PERCENT
WS,2018,SE_TOT_PRFL,62.0,PERCENT
NU,2018,SE_TOT_GPI,96.0,INDEX
NU,2015,SE_TOT_PRFL,77.0,PERCENT
NU,2018,SE_TOT_PRFL,88.0,PERCENT
WS,2018,SPC_4_6_1,99.44,PERCENT
CK,2019,SE_ACS_ELECT,100.0,PERCENT
CK,2023,SE_ACS_ELECT,100.0,PERCENT
PF,2021,SE_PRE_PARTN,97.5,PERCENT
PF,2023,SE_PRE_PARTN,99.8,PERCENT
WS,2011,SE_GPI_PTNPRE,120.0,INDEX
WS,2012,SE_GPI_PTNPRE,109.0,INDEX
WS,2013,SE_GPI_PTNPRE,106.0,INDEX
WS,2014,SE_GPI_PTNPRE,103.0,INDEX
WS,2015,SE_GPI_PTNPRE,116.0,INDEX
WS,2016,SE_GPI_PTNPRE,103.0,INDEX
WS,2017,SE_GPI_PTNPRE,107.0,INDEX
WS,2018,SE_GPI_PTNPRE,107.0,INDEX
WS,2019,SE_GPI_PTNPRE,111.0,INDEX
NR,2023,SE_TOT_ICTS,23.5,PERCENT
TK,2012,SE_TOT_PRFL,55.0,PERCENT
TK,2015,SE_TOT_PRFL,55.0,PERCENT
TK,2018,SE_TOT_PRFL,68.0,PERCENT
TK,2021,SE_TOT_PRFL,86.0,PERCENT
KI,2020,SE_ACS_H2O,77.14,PERCENT
SB,2016,SE_TOT_GPI,98.0,INDEX
FJ,2015,SE_TOT_GPI,99.0,INDEX
VU,2018,SE_GC_TCAQ,62.5,PERCENT
VU,2019,SE_GC_TCAQ,48.0,PERCENT
WS,2019,SE_ACS_INTNT,32.9,PERCENT
TO,2018,SE_TOT_GPI,110.0,INDEX
TK,2020,SE_GPI_PTNPRE,94.0,INDEX
SB,2015,SE_ACS_SANIT,34.0,PERCENT
TO,2014,SE_GPI_TCAQ,111.0,INDEX
TO,2016,SE_GPI_TCAQ,99.0,INDEX
TV,2016,SE_TOT_GPI,100.0,INDEX
MH,2012,SE_TOT_PRFL,55.0,PERCENT
MH,2015,SE_TOT_PRFL,59.0,PERCENT
MH,2018,SE_TOT_PRFL,64.0,PERCENT
MH,2021,SE_TOT_PRFL,51.0,PERCENT
MH,2018,SE_TOT_GPI,121.0,INDEX
TO,2015,SE_TOT_PRFL,52.0,PERCENT
WS,2010,SE_PRE_PARTN,25.6,PERCENT
WS,2011,SE_PRE_PARTN,28.3,PERCENT
WS,2012,SE_PRE_PARTN,24.5,PERCENT
WS,2014,SE_PRE_PARTN,27.8,PERCENT
WS,2015,SE_PRE_PARTN,30.5,PERCENT
WS,2016,SE_PRE_PARTN,31.7,PERCENT
WS,2017,SE_PRE_PARTN,33.2,PERCENT
WS,2018,SE_PRE_PARTN,38.0,PERCENT
WS,2019,SE_PRE_PARTN,35.1,PERCENT
WS,2021,SE_PRE_PARTN,31.22,PERCENT
WS,2022,SE_PRE_PARTN,31.35,PERCENT
WS,2014,SE_GC_TCAQ,100.0,INDEX
WS,2016,SE_GC_TCAQ,100.0,INDEX
TK,2016,SE_GC_TCAQ,41.7,PERCENT
TK,2019,SE_GC_TCAQ,83.3,PERCENT
NU,2015,SE_TOT_PRFL,53.0,PERCENT
NU,2018,SE_TOT_PRFL,57.0,PERCENT
FJ,2019,SE_GC_TCAQ,93.44,PERCENT
FJ,2020,SE_GC_TCAQ,88.31,PERCENT
FJ,2021,SE_GC_TCAQ,94.31,PERCENT
FJ,2022,SE_GC_TCAQ,94.17,PERCENT
KI,2012,SE_TOT_PRFL,39.0,PERCENT
KI,2015,SE_TOT_PRFL,73.0,PERCENT
TO,2015,SE_TOT_PRFL,83.0,PERCENT
TO,2018,SE_TOT_PRFL,92.0,PERCENT
TO,2021,SE_TOT_PRFL,87.0,PERCENT
CK,2015,SE_TOT_PRFL,77.0,PERCENT
WS,2015,SE_GPI_TCAQ,100.0,INDEX
WS,2016,SE_GPI_TCAQ,100.0,INDEX
WS,2017,SE_GPI_TCAQ,100.0,INDEX
WS,2018,SE_GPI_TCAQ,100.0,INDEX
WS,2019,SE_GPI_TCAQ,100.0,INDEX
CK,2015,SE_TOT_PRFL,38.0,PERCENT
CK,2018,SE_TOT_PRFL,68.0,PERCENT
VU,2018,SPC_4_6_1,88.31,PERCENT
SB,2015,SE_ACS_SANIT,22.0,PERCENT
SB,2016,SE_ACS_SANIT,22.5,PERCENT
SB,2018,SE_ACS_SANIT,24.6,PERCENT
WS,2016,SE_GC_TCAQ,37.0,INDEX
FM,2012,SE_TOT_PRFL,80.0,PERCENT
FM,2015,SE_TOT_PRFL,84.0,PERCENT
FM,2018,SE_TOT_PRFL,90.0,PERCENT
PG,2016,SE_TOT_GPI,99.0,INDEX
TV,2016,SE_ACS_H2O,63.0,PERCENT
TO,2015,SE_TOT_PRFL,44.0,PERCENT
TO,2018,SE_TOT_PRFL,59.0,PERCENT
NC,2018,SE_ACS_SANIT,100.0,PERCENT
TV,2016,SE_TOT_GPI,131.0,INDEX
MH,2019,SE_GC_TCAQ,48.26,PERCENT
MH,2020,SE_GC_TCAQ,43.95,PERCENT
MH,2022,SE_GC_TCAQ,66.93,PERCENT
FJ,2018,SE_TOT_PRFL,46.0,PERCENT
CK,2020,SE_ACS_CMPTR,100.0,PERCENT
CK,2021,SE_ACS_CMPTR,100.0,PERCENT
CK,2022,SE_ACS_CMPTR,100.0,PERCENT
VU,2018,SE_TOT_PRFL,88.0,PERCENT
WS,2017,SE_TOT_GPI,101.0,INDEX
SB,2011,SE_GC_TCAQ,71.1,PERCENT
SB,2012,SE_GC_TCAQ,34.0,PERCENT
SB,2013,SE_GC_TCAQ,50.0,PERCENT
SB,2018,SE_GC_TCAQ,36.1,PERCENT
NU,2016,SE_GC_TCAQ,91.7,PERCENT
FM,2012,SE_TOT_PRFL,57.0,PERCENT
FM,2015,SE_TOT_PRFL,71.0,PERCENT
FM,2021,SE_TOT_PRFL,56.0,PERCENT
NR,2014,SE_TOT_PRFL,39.1,PERCENT
SB,2015,SE_GPI_TCAQ,102.0,INDEX
NR,2014,SE_TOT_GPI,105.0,INDEX
CK,2011,SE_GC_TCAQ,80.4,PERCENT
CK,2013,SE_GC_TCAQ,87.3,PERCENT
CK,2014,SE_GC_TCAQ,89.3,PERCENT
CK,2020,SE_GC_TCAQ,100.0,PERCENT
CK,2021,SE_GC_TCAQ,100.0,PERCENT
VU,2017,SE_GC_TCAQ,81.54,PERCENT
VU,2019,SE_GC_TCAQ,94.35,PERCENT
NR,2016,SE_ACS_SANIT,50.0,PERCENT
NR,2014,SE_TOT_PRFL,28.5,PERCENT
CK,2018,SE_TOT_GPI,109.0,INDEX
FM,2018,SE_GC_TCAQ,31.19,PERCENT
FM,2019,SE_GC_TCAQ,26.12,PERCENT
FM,2020,SE_GC_TCAQ,23.25,PERCENT
FM,2021,SE_GC_TCAQ,24.48,PERCENT
FM,2022,SE_GC_TCAQ,14.55,PERCENT
MH,2022,SE_ACS_ELECT,87.1,PERCENT
KI,2020,SE_GPI_TCAQ,94.0,INDEX
MH,2020,SE_GC_TCAQ,63.46,PERCENT
MH,2021,SE_GC_TCAQ,83.62,PERCENT
MH,2022,SE_GC_TCAQ,81.4,PERCENT
TK,2015,SE_TOT_PRFL,78.0,PERCENT
TK,2018,SE_TOT_PRFL,59.0,PERCENT
NR,2018,SE_TOT_GPI,142.0,INDEX
SB,2016,SE_ACS_SANIT,34.5,PERCENT
SB,2018,SE_ACS_SANIT,37.8,PERCENT
TK,2018,SE_TOT_GPI,141.0,INDEX
TV,2012,SE_TOT_PRFL,31.0,PERCENT
TV,2018,SE_TOT_PRFL,47.0,PERCENT
TV,2021,SE_TOT_PRFL,44.0,PERCENT
FM,2021,SE_ACS_CMPTR,32.2,PERCENT
FM,2022,SE_ACS_CMPTR,32.2,PERCENT
FM,2017,SE_TOT_GPI,100.0,INDEX
WS,2019,SE_TOT_PRFL,27.0,PERCENT
TO,2020,SE_GC_TCAQ,0.0,PERCENT
TO,2022,SE_GC_TCAQ,100.0,PERCENT
SB,2015,SE_TOT_PRFL,98.0,PERCENT
VU,2023,SE_TOT_ICTS,16.8,PERCENT
TK,2016,SE_GC_TCAQ,63.6,PERCENT
TK,2019,SE_GC_TCAQ,46.67,PERCENT
TK,2020,SE_GC_TCAQ,46.67,PERCENT
TK,2021,SE_GC_TCAQ,46.67,PERCENT
MH,2020,SE_GPI_TCAQ,88.0,INDEX
PW,2016,SE_GC_TCAQ,33.2,INDEX
NR,2019,SE_ACS_DISAB,20.0,PERCENT
NR,2022,SE_ACS_DISAB,33.3,PERCENT
KI,2015,SE_TOT_PRFL,91.0,PERCENT
KI,2018,SE_TOT_PRFL,89.0,PERCENT
TO,2020,SE_PRE_PARTN,88.91,PERCENT
TO,2022,SE_PRE_PARTN,81.99,PERCENT
TK,2019,SE_GC_TCAQ,0.0,PERCENT
TV,2015,SE_PRE_PARTN,100.0,PERCENT
TV,2016,SE_PRE_PARTN,92.1,PERCENT
TV,2018,SE_PRE_PARTN,90.8,PERCENT
TV,2019,SE_PRE_PARTN,80.0,PERCENT
NR,2018,SE_TOT_PRFL,68.0,PERCENT
SB,2016,SE_ACS_H2O,19.6,PERCENT
SB,2018,SE_ACS_H2O,19.0,PERCENT
SB,2019,SE_ACS_H2O,46.0,PERCENT
TV,2018,SE_TOT_GPI,123.0,INDEX
WS,2022,SE_ACC_HNDWSH,71.1,PERCENT
MH,2012,SE_TOT_PRFL,64.0,PERCENT
MH,2015,SE_TOT_PRFL,61.0,PERCENT
MH,2018,SE_TOT_PRFL,77.0,PERCENT
MH,2021,SE_TOT_PRFL,57.0,PERCENT
VU,2018,SE_TOT_GPI,124.0,INDEX
WS,2019,SE_ACS_DISAB,45.2,PERCENT
WS,2020,SE_ACS_DISAB,100.0,PERCENT
WS,2022,SE_ACS_DISAB,100.0,PERCENT
PW,2016,SE_GPI_TCAQ,152.0,INDEX
KI,2016,SE_TOT_GPI,125.0,INDEX
SB,2016,SE_GC_TCAQ,80.18,PERCENT
SB,2017,SE_GC_TCAQ,84.15,PERCENT
SB,2018,SE_GC_TCAQ,88.04,PERCENT
TO,2019,SE_TOT_PRFL,62.9,PERCENT
TK,2020,SE_GPI_TCAQ,333.0,INDEX
TV,2019,SE_ACS_SANIT,100.0,PERCENT
NR,2023,SE_TOT_PRFL,45.1,PERCENT
NU,2015,SE_TOT_GPI,110.0,INDEX
WS,2019,SE_TOT_PRFL,46.0,PERCENT
SB,2013,SE_PRE_PARTN,59.5,PERCENT
SB,2014,SE_PRE_PARTN,62.2,PERCENT
SB,2015,SE_PRE_PARTN,63.6,PERCENT
SB,2016,SE_PRE_PARTN,49.44,PERCENT
SB,2018,SE_PRE_PARTN,58.7,PERCENT
SB,2019,SE_PRE_PARTN,65.64,PERCENT
FJ,2018,SPC_4_6_1,99.81,PERCENT
MH,2015,SE_TOT_PRFL,26.0,PERCENT
MH,2018,SE_TOT_PRFL,50.0,PERCENT
NR,2020,SE_ACS_DISAB,0.0,PERCENT
NR,2022,SE_ACS_DISAB,25.0,PERCENT
FM,2018,SE_GC_TCAQ,30.24,PERCENT
FM,2019,SE_GC_TCAQ,27.29,PERCENT
FM,2020,SE_GC_TCAQ,24.18,PERCENT
FM,2021,SE_GC_TCAQ,27.87,PERCENT
TV,2016,SE_GC_TCAQ,74.6,PERCENT
TV,2018,SE_GC_TCAQ,86.76,PERCENT
TV,2019,SE_GC_TCAQ,80.95,PERCENT
TV,2021,SE_GC_TCAQ,63.72,PERCENT
TV,2022,SE_GC_TCAQ,48.81,PERCENT
VU,2023,SE_TOT_ICTS,23.3,PERCENT
CK,2014,SE_GC_TCAQ,88.7,PERCENT
TK,2016,SE_GC_TCAQ,66.7,PERCENT
TK,2019,SE_GC_TCAQ,57.14,PERCENT
TK,2020,SE_GC_TCAQ,57.14,PERCENT
TK,2021,SE_GC_TCAQ,57.14,PERCENT
PW,2014,SE_PRE_PARTN,90.4,PERCENT
PW,2020,SE_PRE_PARTN,89.32,PERCENT
NR,2012,SE_PRE_PARTN,100.0,PERCENT
NR,2014,SE_PRE_PARTN,61.6,PERCENT
NR,2016,SE_PRE_PARTN,67.3,PERCENT
NR,2019,SE_PRE_PARTN,89.2,PERCENT
NR,2020,SE_PRE_PARTN,70.95,PERCENT
TV,2019,SE_ACS_H2O,50.0,PERCENT
FM,2015,SE_TOT_PRFL,50.0,PERCENT
FM,2018,SE_TOT_PRFL,75.0,PERCENT
VU,2015,SE_ACS_SANIT,18.2,PERCENT
NR,2016,SE_ACS_CMPTR,33.3,PERCENT
NR,2020,SE_ACS_CMPTR,100.0,PERCENT
NR,2022,SE_ACS_CMPTR,0.0,PERCENT
SB,2015,SE_TOT_PRFL,61.0,PERCENT
SB,2018,SE_TOT_PRFL,66.0,PERCENT
MH,2016,SE_ACS_DISAB,21.28,PERCENT
TV,2015,SE_TOT_PRFL,83.0,PERCENT
TV,2018,SE_TOT_PRFL,92.0,PERCENT
TV,2018,SE_GC_TCAQ,65.08,PERCENT
TV,2019,SE_GC_TCAQ,60.71,PERCENT
TV,2020,SE_GC_TCAQ,62.12,PERCENT
TV,2021,SE_GC_TCAQ,55.88,PERCENT
TV,2022,SE_GC_TCAQ,28.7,PERCENT
PG,2016,SE_TOT_GPI,91.0,INDEX
PW,2016,SE_GPI_TCAQ,176.0,INDEX
KI,2015,SE_TOT_PRFL,81.0,PERCENT
KI,2018,SE_TOT_PRFL,87.0,PERCENT
NR,2018,SE_TOT_PRFL,59.0,PERCENT
TK,2016,SE_PRE_PARTN,80.0,PERCENT
TK,2019,SE_PRE_PARTN,92.31,PERCENT
TK,2020,SE_PRE_PARTN,100.0,PERCENT
TK,2021,SE_PRE_PARTN,56.25,PERCENT
SB,2010,SE_GC_TCAQ,70.8,PERCENT
SB,2016,SE_GC_TCAQ,82.2,PERCENT
SB,2017,SE_GC_TCAQ,86.56,PERCENT
SB,2019,SE_GC_TCAQ,93.92,PERCENT
TO,2014,SE_TOT_GPI,102.0,INDEX
PW,2012,SE_TOT_PRFL,98.0,PERCENT
PW,2021,SE_TOT_PRFL,96.0,PERCENT
NU,2016,SE_GC_TCAQ,50.0,PERCENT
SB,2010,SE_GC_TCAQ,72.1,PERCENT
SB,2015,SE_GC_TCAQ,68.0,PERCENT
KI,2014,SE_PRE_PARTN,70.0,PERCENT
KI,2018,SE_PRE_PARTN,96.2,PERCENT
KI,2020,SE_PRE_PARTN,97.67,PERCENT
TV,2016,SE_GC_TCAQ,76.6,PERCENT
TV,2018,SE_GC_TCAQ,80.0,PERCENT
TV,2019,SE_GC_TCAQ,78.3,PERCENT
TV,2021,SE_GC_TCAQ,62.04,PERCENT
TV,2022,SE_GC_TCAQ,46.46,PERCENT
PG,2016,SE_ACS_H2O,51.0,PERCENT
TO,2020,SE_ACS_DISAB,5.45,PERCENT
TO,2022,SE_ACS_DISAB,4.65,PERCENT
TK,2015,SE_TOT_PRFL,20.0,PERCENT
TK,2018,SE_TOT_PRFL,25.0,PERCENT
TO,2018,SPC_4_6_1,99.48,PERCENT
KI,2015,SE_TOT_PRFL,66.0,PERCENT
KI,2018,SE_TOT_PRFL,69.0,PERCENT
VU,2015,SE_TOT_PRFL,23.0,PERCENT
VU,2018,SE_TOT_PRFL,24.0,PERCENT
VU,2019,SE_GPI_TCAQ,172.0,INDEX
VU,2015,SE_TOT_GPI,98.0,INDEX
CK,2012,SE_GC_TCAQ,95.7,PERCENT
CK,2013,SE_GC_TCAQ,100.0,PERCENT
CK,2016,SE_GC_TCAQ,90.9,PERCENT
VU,2018,SE_GC_TCAQ,65.34,PERCENT
KI,2017,SE_GPI_TCAQ,104.0,INDEX
KI,2018,SE_GPI_TCAQ,104.0,INDEX
KI,2020,SE_GPI_TCAQ,97.0,INDEX
FJ,2018,SE_TOT_GPI,123.0,INDEX
PF,2020,SE_ACS_H2O,100.0,PERCENT
TV,2019,SE_TOT_PRFL,39.0,PERCENT
NU,2016,SE_GPI_TCAQ,100.0,INDEX
MH,2021,SE_ACC_HNDWSH,70.7,PERCENT
MH,2022,SE_ACC_HNDWSH,71.0,PERCENT
PW,2020,SE_ACS_DISAB,100.0,PERCENT
TV,2019,SE_ACS_ELECT,52.6,PERCENT
TV,2020,SE_ACS_ELECT,90.0,PERCENT
TV,2021,SE_ACS_ELECT,90.0,PERCENT
TV,2022,SE_ACS_ELECT,90.0,PERCENT
NU,2015,SE_GPI_PTNPRE,430.0,INDEX
NU,2016,SE_GPI_PTNPRE,171.0,INDEX
NU,2020,SE_GPI_PTNPRE,62.0,INDEX
TO,2015,SE_TOT_PRFL,55.0,PERCENT
TO,2018,SE_TOT_PRFL,62.0,PERCENT
NR,2022,SE_GC_TCAQ,75.0,PERCENT
KI,2015,SE_TOT_PRFL,65.0,PERCENT
KI,2018,SE_TOT_PRFL,63.0,PERCENT
NR,2007,SE_GC_TCAQ,84.2,INDEX
PW,2018,SE_TOT_GPI,102.0,INDEX
PG,2018,SE_TOT_PRFL,45.0,PERCENT
WS,2017,SE_ACS_CMPTR,91.0,PERCENT
MH,2020,SE_ACS_H2O,68.09,PERCENT
MH,2021,SE_ACS_H2O,70.7,PERCENT
MH,2022,SE_ACS_H2O,70.7,PERCENT
NR,2018,SE_TOT_PRFL,48.0,PERCENT
FJ,2019,SE_GC_TCAQ,91.54,PERCENT
FJ,2020,SE_GC_TCAQ,87.09,PERCENT
FJ,2021,SE_GC_TCAQ,94.15,PERCENT
FJ,2022,SE_GC_TCAQ,91.33,PERCENT
NU,2015,SE_PRE_PARTN,100.0,PERCENT
NU,2019,SE_PRE_PARTN,61.9,PERCENT
NU,2020,SE_PRE_PARTN,61.9,PERCENT
NR,2014,SE_TOT_PRFL,21.2,PERCENT
KI,2015,SE_TOT_PRFL,94.0,PERCENT
KI,2018,SE_TOT_PRFL,95.0,PERCENT
WS,2012,SE_TOT_PRFL,40.0,PERCENT
WS,2015,SE_TOT_PRFL,50.0,PERCENT
WS,2018,SE_TOT_PRFL,76.0,PERCENT
WS,2021,SE_TOT_PRFL,53.0,PERCENT
MH,2019,SE_ACS_INTNT,76.5,PERCENT
PW,2012,SE_TOT_PRFL,95.0,PERCENT
TO,2013,SE_GC_TCAQ,99.5,PERCENT
TO,2014,SE_GC_TCAQ,97.7,PERCENT
TO,2015,SE_GC_TCAQ,94.9,PERCENT
TO,2018,SE_GC_TCAQ,96.32,PERCENT
TO,2019,SE_GC_TCAQ,94.29,PERCENT
TO,2020,SE_GC_TCAQ,96.45,PERCENT
TO,2021,SE_GC_TCAQ,98.87,PERCENT
TO,2022,SE_GC_TCAQ,97.74,PERCENT
SB,2015,SE_GC_TCAQ,64.6,INDEX
CK,2011,SE_GPI_TCAQ,69.0,INDEX
TV,2018,SE_GC_TCAQ,63.77,PERCENT
TV,2019,SE_GC_TCAQ,57.45,PERCENT
TV,2020,SE_GC_TCAQ,58.97,PERCENT
TV,2021,SE_GC_TCAQ,67.57,PERCENT
TV,2022,SE_GC_TCAQ,32.61,PERCENT
TK,2016,SE_GC_TCAQ,36.4,PERCENT
TV,2019,SE_ACC_HNDWSH,52.6,PERCENT
TV,2021,SE_ACC_HNDWSH,100.0,PERCENT
TV,2022,SE_ACC_HNDWSH,100.0,PERCENT
NC,2015,SE_ADT_EDUCTRN,27.0,PERCENT
